Student_ID,Age,Math_Score,Science_Score,English_Score,Hours_Studied,Pass_Fail
STU_10000,17,52,63,55,12.9,1
STU_10001,18,20,36,28,1.3,0
STU_10002,16,50,25,33,5.4,0
STU_10003,18,56,66,52,9.1,1
STU_10004,18,48,44,51,1.9,0
STU_10005,15,59,59,48,11.4,1
STU_10006,16,7,44,55,5.3,0
STU_10007,16,53,57,54,7.1,1
STU_10008,16,44,68,65,13.2,1
STU_10009,18,45,74,51,16.0,1
STU_10010,17,36,59,80,11.6,1
STU_10011,16,21,30,36,3.6,0
STU_10012,19,58,60,51,11.3,1
STU_10013,18,49,59,64,11.7,1
STU_10014,15,39,49,58,10.5,0
STU_10015,17,67,58,74,17.5,1
STU_10016,19,39,57,51,8.4,0
STU_10017,19,76,65,50,17.1,1
STU_10018,15,80,61,47,17.0,1
STU_10019,17,54,74,78,11.9,1
STU_10020,18,66,60,52,9.5,1
STU_10021,14,68,59,55,10.5,1
STU_10022,17,71,82,86,19.6,1
STU_10023,15,78,65,56,14.5,1
STU_10024,19,36,37,50,3.9,0
STU_10025,18,34,50,45,10.1,0
STU_10026,17,28,53,36,4.5,0
STU_10027,14,38,53,72,5.2,1
STU_10028,14,52,53,73,6.3,1
STU_10029,16,29,31,59,2.9,0
STU_10030,16,36,53,61,4.3,1
STU_10031,15,55,66,73,18.0,1
STU_10032,17,38,52,43,5.2,0
STU_10033,17,72,50,62,13.0,1
STU_10034,19,55,72,49,8.9,1
STU_10035,19,49,58,29,11.0,0
STU_10036,19,68,52,70,11.3,1
STU_10037,16,43,51,56,4.2,1
STU_10038,17,60,67,45,12.9,1
STU_10039,17,53,50,45,3.4,0
STU_10040,14,41,36,62,5.0,0
STU_10041,16,64,67,59,11.2,1
STU_10042,18,51,41,31,4.0,0
STU_10043,16,37,41,34,1.7,0
STU_10044,18,39,32,76,9.8,0
STU_10045,14,40,37,48,2.5,0
STU_10046,15,68,52,70,11.8,1
STU_10047,17,55,53,72,6.6,1
STU_10048,14,70,48,51,9.8,1
STU_10049,17,48,37,60,9.7,0
STU_10050,19,65,60,37,12.3,1
STU_10051,15,45,54,51,11.4,1
STU_10052,15,44,37,56,4.0,0
STU_10053,14,58,50,50,6.9,1
STU_10054,15,62,36,61,9.7,1
STU_10055,18,67,72,74,17.3,1
STU_10056,15,53,55,64,11.5,1
STU_10057,17,55,62,67,16.4,1
STU_10058,17,51,64,58,10.0,1
STU_10059,17,48,56,55,14.6,1
STU_10060,17,48,55,45,9.3,0
STU_10061,18,43,60,76,14.3,1
STU_10062,16,33,80,61,6.4,0
STU_10063,19,77,72,57,18.4,1
STU_10064,14,62,44,57,10.7,1
STU_10065,17,37,60,33,2.9,0
STU_10066,15,53,64,51,9.9,1
STU_10067,17,58,57,64,11.5,1
STU_10068,15,63,55,62,13.2,1
STU_10069,19,78,60,70,21.9,1
STU_10070,19,32,52,42,5.8,0
STU_10071,19,50,66,57,22.0,1
STU_10072,15,39,42,64,8.0,0
STU_10073,17,42,54,69,4.9,1
STU_10074,19,55,63,58,5.9,1
STU_10075,18,57,51,55,11.1,1
STU_10076,15,48,53,63,4.4,1
STU_10077,15,38,51,43,6.5,0
STU_10078,17,52,57,67,9.8,1
STU_10079,15,69,59,59,18.3,1
STU_10080,15,51,57,53,13.0,1
STU_10081,19,39,40,50,8.2,0
STU_10082,17,53,44,56,11.1,1
STU_10083,19,58,58,65,9.2,1
STU_10084,19,32,39,35,3.6,0
STU_10085,17,69,61,60,20.0,1
STU_10086,14,82,55,68,18.4,1
STU_10087,19,43,35,59,7.6,0
STU_10088,18,46,28,33,6.0,0
STU_10089,18,40,45,40,3.6,0
STU_10090,15,54,30,38,11.5,0
STU_10091,18,72,61,50,11.5,1
STU_10092,15,47,50,45,4.7,0
STU_10093,14,36,52,61,9.3,0
STU_10094,17,73,59,34,12.7,0
STU_10095,17,48,44,58,5.7,1
STU_10096,17,44,52,47,7.1,0
STU_10097,18,61,51,49,7.0,1
STU_10098,14,36,59,61,4.9,1
STU_10099,18,65,65,68,7.2,1
STU_10100,18,41,57,41,2.6,0
STU_10101,14,57,41,45,6.8,0
STU_10102,14,78,57,49,6.9,1
STU_10103,14,51,55,46,7.7,1
STU_10104,14,53,48,41,10.6,0
STU_10105,17,30,35,48,3.4,0
STU_10106,16,41,40,42,3.9,0
STU_10107,16,33,35,51,4.8,0
STU_10108,14,39,29,67,3.2,0
STU_10109,16,84,61,56,11.3,1
STU_10110,16,46,47,43,5.6,0
STU_10111,14,44,51,51,7.8,0
STU_10112,16,41,54,51,4.5,0
STU_10113,18,42,46,50,6.4,0
STU_10114,15,63,62,49,9.6,1
STU_10115,15,52,46,38,9.8,0
STU_10116,14,58,37,56,4.0,1
STU_10117,17,46,50,44,7.6,0
STU_10118,14,41,67,66,4.6,1
STU_10119,17,39,63,49,7.4,1
STU_10120,15,41,57,45,5.3,0
STU_10121,14,55,58,63,20.8,1
STU_10122,19,37,60,61,12.7,1
STU_10123,18,59,62,47,10.1,1
STU_10124,16,30,70,45,6.7,0
STU_10125,17,62,42,66,12.9,1
STU_10126,19,44,58,42,7.7,0
STU_10127,16,80,80,73,19.6,1
STU_10128,16,42,64,69,13.6,1
STU_10129,14,52,35,59,6.3,0
STU_10130,16,71,70,68,18.4,1
STU_10131,18,51,53,33,6.7,0
STU_10132,19,85,74,55,21.4,1
STU_10133,16,70,61,51,18.9,1
STU_10134,14,28,45,51,9.5,0
STU_10135,18,44,47,48,2.6,0
STU_10136,15,55,46,42,9.1,0
STU_10137,19,39,37,47,3.7,0
STU_10138,16,36,45,58,5.4,0
STU_10139,14,41,49,40,5.6,0
STU_10140,15,56,54,40,3.7,1
STU_10141,15,42,41,68,9.1,1
STU_10142,17,27,33,40,5.0,0
STU_10143,18,33,45,56,6.9,0
STU_10144,16,45,29,65,5.7,0
STU_10145,14,71,61,44,10.6,1
STU_10146,17,75,34,44,10.2,0
STU_10147,18,53,56,50,6.6,1
STU_10148,17,45,67,58,10.9,1
STU_10149,19,55,66,55,15.7,1
STU_10150,18,46,22,68,1.5,0
STU_10151,18,58,48,57,5.5,1
STU_10152,16,36,37,41,4.2,0
STU_10153,18,59,34,36,5.2,0
STU_10154,17,35,46,46,1.3,0
STU_10155,18,45,48,51,1.5,0
STU_10156,16,48,52,66,0.7,1
STU_10157,16,31,44,52,5.8,0
STU_10158,19,50,49,49,5.7,0
STU_10159,17,80,82,53,16.9,1
STU_10160,15,45,73,59,8.7,1
STU_10161,15,44,66,68,10.8,1
STU_10162,18,100,91,64,35.0,1
STU_10163,19,39,40,47,1.5,0
STU_10164,14,67,68,56,19.8,1
STU_10165,18,49,58,39,7.8,0
STU_10166,19,29,40,70,6.1,0
STU_10167,17,49,50,61,5.5,1
STU_10168,17,68,57,49,9.7,1
STU_10169,17,39,52,50,6.1,0
STU_10170,17,33,34,45,3.6,0
STU_10171,17,47,50,39,5.7,0
STU_10172,19,81,72,50,9.9,1
STU_10173,19,67,52,67,11.9,1
STU_10174,16,72,74,62,20.9,1
STU_10175,15,51,33,59,8.5,0
STU_10176,17,76,66,57,16.2,1
STU_10177,14,39,52,40,7.1,0
STU_10178,19,55,51,67,7.7,1
STU_10179,14,37,57,30,7.4,0
STU_10180,14,61,50,75,9.1,1
STU_10181,14,56,71,70,13.1,1
STU_10182,16,48,39,54,6.0,0
STU_10183,19,39,59,45,4.4,0
STU_10184,14,67,62,56,13.7,1
STU_10185,17,57,58,62,13.1,1
STU_10186,18,88,52,66,17.6,1
STU_10187,14,59,36,40,5.4,0
STU_10188,16,34,53,53,6.9,0
STU_10189,19,62,53,63,13.9,1
STU_10190,16,53,57,48,5.9,1
STU_10191,14,51,59,82,11.6,1
STU_10192,19,60,35,51,7.1,0
STU_10193,18,63,61,36,9.7,1
STU_10194,14,41,42,38,3.6,0
STU_10195,16,60,51,62,8.4,1
STU_10196,15,12,49,38,0.5,0
STU_10197,17,76,49,51,15.5,1
STU_10198,16,66,47,74,12.4,1
STU_10199,19,32,48,51,4.2,0
STU_10200,14,74,53,60,20.0,1
STU_10201,17,42,56,31,15.0,0
STU_10202,14,34,54,56,3.7,0
STU_10203,19,56,46,51,5.7,1
STU_10204,14,42,30,64,3.9,0
STU_10205,15,52,56,44,9.9,1
STU_10206,17,45,43,47,5.5,0
STU_10207,17,38,34,50,1.8,0
STU_10208,19,59,86,67,7.7,1
STU_10209,15,53,65,62,13.3,1
STU_10210,16,54,49,47,8.5,1
STU_10211,14,43,65,71,11.0,1
STU_10212,18,59,49,51,9.0,1
STU_10213,14,54,52,60,12.2,1
STU_10214,14,52,56,64,9.5,1
STU_10215,16,45,55,70,7.4,1
STU_10216,14,48,61,58,8.5,1
STU_10217,15,57,81,93,18.0,1
STU_10218,15,59,68,56,11.3,1
STU_10219,17,48,53,53,4.2,1
STU_10220,19,37,61,47,8.4,0
STU_10221,18,47,66,59,9.8,1
STU_10222,14,48,57,56,7.3,1
STU_10223,14,32,25,58,1.8,0
STU_10224,16,41,50,55,4.5,0
STU_10225,19,62,62,46,6.1,1
STU_10226,15,63,64,71,21.3,1
STU_10227,18,31,51,49,10.6,0
STU_10228,17,34,42,54,2.6,0
STU_10229,15,45,52,47,7.5,0
STU_10230,19,60,59,48,16.4,1
STU_10231,17,48,47,39,5.5,0
STU_10232,16,50,66,48,14.2,1
STU_10233,16,28,22,42,2.6,0
STU_10234,14,29,40,36,0.6,0
STU_10235,19,56,59,62,15.4,1
STU_10236,18,67,30,47,5.9,0
STU_10237,17,54,47,53,1.9,1
STU_10238,15,29,51,56,6.2,0
STU_10239,19,32,54,51,9.0,0
STU_10240,19,53,61,70,10.4,1
STU_10241,16,56,43,36,1.0,0
STU_10242,14,51,39,62,5.2,1
STU_10243,14,50,59,56,8.3,1
STU_10244,17,49,64,52,10.4,1
STU_10245,16,53,34,62,4.1,0
STU_10246,19,49,58,59,7.0,1
STU_10247,18,62,44,39,5.5,0
STU_10248,16,35,59,59,9.1,1
STU_10249,17,66,64,66,15.1,1
STU_10250,17,41,47,63,6.5,1
STU_10251,16,45,48,55,3.0,0
STU_10252,17,47,43,58,5.0,0
STU_10253,16,76,81,62,19.9,1
STU_10254,15,53,58,48,4.5,1
STU_10255,16,55,38,46,3.4,0
STU_10256,16,66,46,34,6.2,0
STU_10257,17,49,46,68,7.6,1
STU_10258,17,40,51,39,5.7,0
STU_10259,14,27,55,51,2.6,0
STU_10260,14,57,37,52,9.7,0
STU_10261,15,60,39,52,9.2,1
STU_10262,14,43,56,66,11.9,1
STU_10263,16,63,54,46,9.0,1
STU_10264,17,68,59,71,19.0,1
STU_10265,14,45,60,64,12.4,1
STU_10266,14,46,48,49,11.0,0
STU_10267,15,53,58,72,15.4,1
STU_10268,19,41,65,70,8.7,1
STU_10269,15,53,46,75,7.1,1
STU_10270,16,61,50,53,9.6,1
STU_10271,17,55,42,49,1.7,0
STU_10272,15,44,63,57,8.7,1
STU_10273,14,52,50,61,7.5,1
STU_10274,17,47,49,75,10.2,1
STU_10275,17,61,67,66,14.3,1
STU_10276,14,40,64,63,11.2,1
STU_10277,15,33,57,38,5.0,0
STU_10278,14,66,58,82,13.0,1
STU_10279,19,55,73,61,19.1,1
STU_10280,17,67,69,32,14.5,0
STU_10281,18,34,45,23,3.2,0
STU_10282,18,36,69,61,11.1,1
STU_10283,16,16,50,35,3.6,0
STU_10284,14,62,68,53,6.7,1
STU_10285,14,34,63,40,10.1,0
STU_10286,16,51,34,59,9.3,0
STU_10287,16,64,57,67,14.3,1
STU_10288,16,56,53,68,19.2,1
STU_10289,17,49,49,49,10.7,0
STU_10290,19,51,45,62,6.4,1
STU_10291,14,41,50,43,1.8,0
STU_10292,17,60,60,61,16.4,1
STU_10293,16,51,64,48,7.6,1
STU_10294,14,48,44,51,7.8,0
STU_10295,17,40,48,75,8.2,1
STU_10296,19,66,42,56,10.4,1
STU_10297,17,56,69,43,10.6,1
STU_10298,19,29,65,42,6.8,0
STU_10299,16,54,49,50,7.5,1
STU_10300,19,39,32,42,5.4,0
STU_10301,14,41,44,61,5.0,0
STU_10302,16,44,48,35,5.0,0
STU_10303,14,41,44,52,7.5,0
STU_10304,18,61,69,61,4.4,1
STU_10305,15,21,57,39,0.5,0
STU_10306,19,47,31,57,6.3,0
STU_10307,15,45,32,48,3.3,0
STU_10308,15,51,56,54,8.5,1
STU_10309,19,43,36,57,5.4,0
STU_10310,16,50,56,36,10.4,0
STU_10311,18,33,44,62,3.6,0
STU_10312,14,31,41,26,2.1,0
STU_10313,17,60,60,66,7.5,1
STU_10314,14,42,66,56,6.1,1
STU_10315,17,62,47,54,3.1,1
STU_10316,14,64,46,76,12.4,1
STU_10317,19,16,46,62,4.0,0
STU_10318,18,53,40,59,4.9,1
STU_10319,17,59,80,57,13.8,1
STU_10320,16,41,62,53,10.8,1
STU_10321,14,55,48,58,3.7,1
STU_10322,14,42,55,57,6.5,1
STU_10323,17,36,43,52,3.5,0
STU_10324,16,63,72,59,13.2,1
STU_10325,16,70,53,55,13.2,1
STU_10326,19,73,81,52,20.7,1
STU_10327,19,81,94,80,25.2,1
STU_10328,19,38,38,49,5.3,0
STU_10329,19,68,61,55,12.0,1
STU_10330,19,40,45,27,1.9,0
STU_10331,19,49,41,56,8.9,0
STU_10332,18,50,41,41,10.3,0
STU_10333,16,53,36,45,4.2,0
STU_10334,19,42,46,59,5.1,0
STU_10335,16,69,63,60,13.3,1
STU_10336,16,49,51,55,10.4,1
STU_10337,15,77,88,58,19.3,1
STU_10338,18,69,77,59,18.0,1
STU_10339,19,30,46,65,2.3,0
STU_10340,14,44,43,60,5.7,0
STU_10341,17,20,45,44,3.9,0
STU_10342,14,50,69,57,12.3,1
STU_10343,18,36,62,58,9.5,1
STU_10344,17,62,54,54,4.1,1
STU_10345,18,27,42,50,4.5,0
STU_10346,16,89,58,43,15.8,1
STU_10347,17,51,33,51,6.1,0
STU_10348,16,33,46,46,1.6,0
STU_10349,14,50,29,72,3.8,0
STU_10350,14,67,72,98,21.5,1
STU_10351,17,46,56,67,14.0,1
STU_10352,17,42,46,41,3.3,0
STU_10353,19,58,64,62,8.9,1
STU_10354,18,72,73,41,13.5,1
STU_10355,19,44,49,42,2.3,0
STU_10356,18,56,53,43,14.4,1
STU_10357,19,68,54,62,10.4,1
STU_10358,16,55,37,37,4.9,0
STU_10359,17,58,50,54,11.3,1
STU_10360,14,64,58,55,9.6,1
STU_10361,18,75,44,56,9.9,1
STU_10362,18,45,47,49,8.7,0
STU_10363,14,34,34,54,4.4,0
STU_10364,19,38,53,37,5.0,0
STU_10365,18,34,45,72,6.9,0
STU_10366,16,56,29,43,8.2,0
STU_10367,17,40,73,58,11.7,1
STU_10368,14,87,83,76,21.8,1
STU_10369,17,45,33,63,9.2,0
STU_10370,18,69,64,66,11.6,1
STU_10371,18,33,74,42,13.1,0
STU_10372,14,53,55,48,12.1,1
STU_10373,16,30,46,51,4.3,0
STU_10374,15,78,61,69,16.6,1
STU_10375,14,79,68,76,15.2,1
STU_10376,15,27,62,49,8.7,0
STU_10377,19,52,33,40,4.5,0
STU_10378,15,60,44,48,8.1,1
STU_10379,16,43,43,73,2.5,1
STU_10380,19,73,70,81,17.9,1
STU_10381,15,50,51,49,5.3,1
STU_10382,19,56,47,67,6.7,1
STU_10383,15,55,57,58,17.2,1
STU_10384,16,76,73,73,16.0,1
STU_10385,15,55,41,41,9.8,0
STU_10386,15,71,64,70,19.3,1
STU_10387,15,48,45,61,4.2,1
STU_10388,14,40,59,52,9.8,1
STU_10389,14,27,42,56,4.2,0
STU_10390,14,60,69,55,14.7,1
STU_10391,16,76,74,64,14.4,1
STU_10392,19,59,64,62,20.1,1
STU_10393,18,51,55,63,8.0,1
STU_10394,15,70,78,57,23.2,1
STU_10395,15,34,41,38,4.0,0
STU_10396,16,54,31,68,7.7,0
STU_10397,15,50,48,22,4.1,0
STU_10398,14,43,57,48,9.0,0
STU_10399,18,57,56,48,4.3,1
STU_10400,17,66,58,65,14.7,1
STU_10401,15,52,48,51,10.6,1
STU_10402,14,45,35,37,3.8,0
STU_10403,17,78,28,73,12.8,0
STU_10404,18,76,64,77,18.6,1
STU_10405,17,48,84,53,11.2,1
STU_10406,14,40,56,29,3.0,0
STU_10407,19,49,40,56,7.3,0
STU_10408,19,63,52,60,12.0,1
STU_10409,17,50,44,45,6.9,0
STU_10410,16,61,58,28,4.0,0
STU_10411,17,61,85,59,15.7,1
STU_10412,15,30,50,61,6.7,0
STU_10413,15,71,70,76,18.6,1
STU_10414,19,41,52,51,5.7,0
STU_10415,16,31,48,45,6.4,0
STU_10416,14,38,49,59,5.4,0
STU_10417,15,44,50,40,7.2,0
STU_10418,19,65,60,42,10.5,1
STU_10419,18,28,25,49,4.1,0
STU_10420,19,45,39,66,3.6,1
STU_10421,15,61,30,65,2.3,0
STU_10422,15,37,48,33,2.0,0
STU_10423,19,38,35,43,3.0,0
STU_10424,14,52,31,78,5.7,0
STU_10425,17,56,34,47,8.9,0
STU_10426,15,67,59,74,10.1,1
STU_10427,19,49,43,65,8.7,1
STU_10428,19,73,64,77,17.4,1
STU_10429,16,79,87,63,20.5,1
STU_10430,17,44,52,48,6.7,0
STU_10431,18,41,39,39,4.1,0
STU_10432,14,78,65,80,24.0,1
STU_10433,18,50,67,44,15.4,1
STU_10434,17,58,60,59,14.7,1
STU_10435,17,60,53,69,5.5,1
STU_10436,17,69,35,66,13.0,1
STU_10437,18,45,63,66,8.7,1
STU_10438,17,49,33,35,7.6,0
STU_10439,19,58,45,42,7.6,0
STU_10440,18,59,69,70,10.7,1
STU_10441,17,75,44,66,17.7,1
STU_10442,19,86,77,61,25.1,1
STU_10443,16,48,45,59,6.2,1
STU_10444,17,50,52,49,9.0,1
STU_10445,18,37,54,81,7.5,1
STU_10446,15,60,55,63,10.3,1
STU_10447,17,45,36,43,7.0,0
STU_10448,15,60,75,80,22.8,1
STU_10449,19,39,46,68,5.1,1
STU_10450,16,55,47,52,6.2,1
STU_10451,14,26,68,43,5.6,0
STU_10452,16,38,63,54,7.3,1
STU_10453,17,42,61,42,3.2,0
STU_10454,15,59,51,48,5.7,1
STU_10455,15,64,72,41,10.3,1
STU_10456,18,68,46,66,10.2,1
STU_10457,15,54,49,43,9.3,0
STU_10458,18,63,59,70,16.9,1
STU_10459,19,62,50,53,10.5,1
STU_10460,14,56,65,66,16.6,1
STU_10461,17,70,80,67,25.1,1
STU_10462,18,47,63,62,13.2,1
STU_10463,14,52,61,53,3.2,1
STU_10464,15,44,38,52,9.5,0
STU_10465,15,61,40,36,8.7,0
STU_10466,14,70,43,69,18.6,1
STU_10467,15,60,42,58,7.5,1
STU_10468,19,32,41,34,4.7,0
STU_10469,19,39,40,41,5.9,0
STU_10470,14,45,32,45,3.3,0
STU_10471,18,32,40,20,0.5,0
STU_10472,18,51,71,78,22.9,1
STU_10473,14,36,42,49,8.1,0
STU_10474,18,30,45,52,3.5,0
STU_10475,18,60,63,55,19.5,1
STU_10476,19,80,84,91,21.4,1
STU_10477,18,54,51,39,8.9,0
STU_10478,16,42,39,43,3.1,0
STU_10479,17,66,50,65,6.0,1
STU_10480,15,59,29,40,7.0,0
STU_10481,16,58,63,55,8.3,1
STU_10482,18,27,52,56,3.8,0
STU_10483,19,60,52,44,13.8,1
STU_10484,14,41,29,39,1.5,0
STU_10485,18,58,52,64,15.1,1
STU_10486,19,82,51,69,16.9,1
STU_10487,17,47,31,43,6.4,0
STU_10488,18,37,36,74,7.7,0
STU_10489,14,58,40,70,18.1,1
STU_10490,19,79,53,66,11.7,1
STU_10491,19,42,47,60,6.5,0
STU_10492,19,27,62,36,7.0,0
STU_10493,17,48,65,56,10.8,1
STU_10494,18,56,65,69,21.7,1
STU_10495,17,57,47,50,7.1,1
STU_10496,15,27,59,54,6.4,0
STU_10497,15,36,47,31,8.2,0
STU_10498,18,50,53,56,8.3,1
STU_10499,17,64,47,52,9.7,1
STU_10500,14,48,51,30,7.7,0
STU_10501,19,51,64,67,15.6,1
STU_10502,19,45,42,37,4.4,0
STU_10503,18,49,65,52,10.3,1
STU_10504,15,65,46,54,10.6,1
STU_10505,15,52,47,30,4.7,0
STU_10506,19,48,72,37,10.3,1
STU_10507,18,62,58,63,10.7,1
STU_10508,17,39,31,39,0.9,0
STU_10509,15,56,48,45,4.1,0
STU_10510,17,76,93,67,18.9,1
STU_10511,15,50,47,32,5.5,0
STU_10512,15,55,52,44,3.5,1
STU_10513,16,39,41,46,2.0,0
STU_10514,15,34,47,69,3.9,0
STU_10515,14,51,49,43,7.5,0
STU_10516,18,37,33,57,3.3,0
STU_10517,18,62,61,58,11.8,1
STU_10518,17,44,33,38,4.6,0
STU_10519,15,56,50,49,9.7,1
STU_10520,14,54,85,74,17.4,1
STU_10521,17,70,64,72,16.8,1
STU_10522,16,39,44,50,9.6,0
STU_10523,17,51,46,53,3.7,1
STU_10524,17,59,45,42,7.8,0
STU_10525,15,56,55,54,9.8,1
STU_10526,16,88,71,71,27.7,1
STU_10527,17,36,49,57,1.9,0
STU_10528,14,43,52,59,7.8,1
STU_10529,14,56,47,50,11.6,1
STU_10530,18,70,55,48,8.6,1
STU_10531,16,54,72,55,9.2,1
STU_10532,16,30,38,49,4.8,0
STU_10533,18,43,67,57,13.7,1
STU_10534,17,36,55,50,8.3,0
STU_10535,16,48,57,70,9.2,1
STU_10536,14,74,70,56,14.5,1
STU_10537,14,37,46,56,6.6,0
STU_10538,15,79,66,90,16.3,1
STU_10539,16,43,44,39,3.3,0
STU_10540,17,57,45,58,9.5,1
STU_10541,18,48,50,53,4.6,1
STU_10542,18,48,40,49,3.8,0
STU_10543,17,70,91,69,21.6,1
STU_10544,19,18,38,39,3.4,0
STU_10545,15,44,38,58,8.4,0
STU_10546,18,32,54,28,3.2,0
STU_10547,16,66,56,82,15.7,1
STU_10548,15,48,36,71,6.2,1
STU_10549,16,58,65,57,14.5,1
STU_10550,14,73,69,69,11.3,1
STU_10551,15,74,86,70,25.4,1
STU_10552,18,18,37,48,2.7,0
STU_10553,15,44,46,42,4.1,0
STU_10554,15,72,58,69,14.0,1
STU_10555,15,56,70,49,9.8,1
STU_10556,19,44,45,61,6.9,1
STU_10557,15,78,75,70,22.8,1
STU_10558,16,68,52,54,8.0,1
STU_10559,14,35,34,34,4.8,0
STU_10560,17,62,59,62,14.6,1
STU_10561,15,56,49,41,8.2,0
STU_10562,18,53,66,55,8.6,1
STU_10563,15,54,59,79,11.9,1
STU_10564,18,53,54,43,12.2,1
STU_10565,16,40,43,48,4.1,0
STU_10566,18,52,48,45,6.7,0
STU_10567,17,45,42,37,3.0,0
STU_10568,14,74,63,47,9.8,1
STU_10569,18,58,82,85,21.4,1
STU_10570,18,60,35,69,4.2,1
STU_10571,14,38,53,36,2.6,0
STU_10572,17,44,54,55,5.3,1
STU_10573,15,56,49,42,6.9,0
STU_10574,18,65,43,51,12.2,1
STU_10575,14,58,51,30,6.5,0
STU_10576,16,67,50,79,10.0,1
STU_10577,14,45,53,63,5.8,1
STU_10578,16,62,56,46,7.1,1
STU_10579,17,37,59,53,4.6,0
STU_10580,15,39,33,45,3.7,0
STU_10581,14,56,79,69,12.5,1
STU_10582,19,41,57,48,6.1,0
STU_10583,18,54,62,54,10.4,1
STU_10584,17,52,65,43,4.6,1
STU_10585,14,56,54,60,8.0,1
STU_10586,18,32,51,71,1.5,0
STU_10587,14,40,50,49,6.4,0
STU_10588,16,35,54,47,4.9,0
STU_10589,14,64,74,62,15.4,1
STU_10590,19,25,54,51,3.3,0
STU_10591,14,39,35,50,7.3,0
STU_10592,14,48,50,51,9.8,0
STU_10593,19,71,72,62,14.2,1
STU_10594,17,57,64,40,13.1,1
STU_10595,14,59,50,47,7.7,1
STU_10596,19,52,57,32,8.4,0
STU_10597,18,58,52,57,15.4,1
STU_10598,16,44,58,43,7.6,0
STU_10599,16,39,56,62,8.9,1
STU_10600,14,87,64,54,15.7,1
STU_10601,17,95,80,71,27.4,1
STU_10602,17,58,55,32,9.4,0
STU_10603,18,42,53,68,10.9,1
STU_10604,14,54,55,47,12.9,1
STU_10605,16,53,81,57,15.6,1
STU_10606,17,62,45,69,14.4,1
STU_10607,14,36,31,60,5.5,0
STU_10608,17,46,61,43,9.7,1
STU_10609,19,52,49,67,14.4,1
STU_10610,17,64,46,52,17.4,1
STU_10611,16,49,60,56,7.3,1
STU_10612,15,50,66,47,9.6,1
STU_10613,18,69,41,45,10.3,1
STU_10614,18,58,33,54,8.2,0
STU_10615,16,44,41,47,9.5,0
STU_10616,17,41,33,69,1.4,0
STU_10617,14,91,100,77,35.0,1
STU_10618,17,44,45,40,7.1,0
STU_10619,16,53,58,43,7.5,1
STU_10620,18,46,49,47,2.4,0
STU_10621,17,33,55,49,2.1,0
STU_10622,18,43,49,60,10.7,1
STU_10623,14,62,61,71,14.5,1
STU_10624,18,63,57,41,13.0,1
STU_10625,18,37,51,61,4.6,0
STU_10626,15,66,70,49,12.5,1
STU_10627,15,55,72,58,7.4,1
STU_10628,19,40,44,71,6.3,1
STU_10629,15,52,44,40,3.0,0
STU_10630,18,56,55,41,5.0,1
STU_10631,16,75,61,46,10.8,1
STU_10632,18,70,71,52,9.7,1
STU_10633,16,42,51,69,8.9,1
STU_10634,16,47,36,34,1.4,0
STU_10635,15,60,66,49,8.9,1
STU_10636,17,41,50,62,5.5,1
STU_10637,14,57,59,63,9.7,1
STU_10638,15,45,63,57,15.8,1
STU_10639,15,27,57,49,6.0,0
STU_10640,17,33,43,64,8.5,0
STU_10641,14,80,70,87,22.8,1
STU_10642,18,56,27,74,9.4,0
STU_10643,19,46,44,69,7.9,1
STU_10644,19,60,55,43,4.6,1
STU_10645,18,68,59,79,12.7,1
STU_10646,15,26,35,41,4.1,0
STU_10647,14,62,78,45,16.2,1
STU_10648,15,47,58,59,11.7,1
STU_10649,16,49,64,67,5.6,1
STU_10650,15,43,54,57,4.7,1
STU_10651,15,35,48,49,4.8,0
STU_10652,18,56,60,51,2.1,1
STU_10653,18,54,51,62,10.5,1
STU_10654,18,34,29,48,1.5,0
STU_10655,19,46,66,50,7.6,1
STU_10656,16,64,56,45,7.3,1
STU_10657,18,56,62,53,6.5,1
STU_10658,14,52,64,55,10.5,1
STU_10659,19,35,63,51,5.6,0
STU_10660,17,43,47,66,8.9,1
STU_10661,14,59,62,60,16.2,1
STU_10662,14,60,54,55,11.2,1
STU_10663,18,54,46,54,6.1,1
STU_10664,17,42,35,83,8.0,1
STU_10665,17,55,50,40,6.5,0
STU_10666,19,39,57,65,7.2,1
STU_10667,17,45,46,52,9.1,0
STU_10668,16,26,34,48,2.9,0
STU_10669,18,25,40,33,2.4,0
STU_10670,17,34,53,71,4.4,0
STU_10671,19,54,45,59,10.8,1
STU_10672,16,46,80,65,11.7,1
STU_10673,15,73,45,42,12.7,1
STU_10674,15,34,39,43,4.5,0
STU_10675,16,52,63,59,8.5,1
STU_10676,19,60,58,50,6.3,1
STU_10677,16,49,59,58,7.4,1
STU_10678,18,43,41,75,6.2,1
STU_10679,18,53,48,61,9.4,1
STU_10680,15,39,38,46,5.1,0
STU_10681,17,52,59,55,15.2,1
STU_10682,19,69,66,53,15.3,1
STU_10683,15,48,46,52,10.6,0
STU_10684,17,70,43,56,14.2,1
STU_10685,17,48,54,49,2.9,1
STU_10686,18,65,61,68,15.7,1
STU_10687,14,63,61,61,10.0,1
STU_10688,14,39,44,52,5.4,0
STU_10689,16,52,51,53,5.0,1
STU_10690,18,77,91,94,18.8,1
STU_10691,17,55,47,51,12.8,1
STU_10692,19,44,42,53,7.3,0
STU_10693,14,43,33,28,2.8,0
STU_10694,17,84,85,59,16.2,1
STU_10695,14,39,44,39,3.7,0
STU_10696,14,42,57,44,6.3,0
STU_10697,14,60,23,40,7.3,0
STU_10698,19,45,50,36,5.0,0
STU_10699,18,56,46,54,7.1,1
STU_10700,19,64,65,62,8.0,1
STU_10701,15,29,56,44,7.0,0
STU_10702,17,52,49,33,9.7,0
STU_10703,18,67,84,67,19.1,1
STU_10704,18,31,59,53,2.9,0
STU_10705,18,32,67,62,8.8,0
STU_10706,18,26,52,38,3.7,0
STU_10707,19,41,40,41,2.7,0
STU_10708,18,54,62,48,13.6,1
STU_10709,16,44,49,47,9.3,0
STU_10710,17,41,44,39,2.6,0
STU_10711,18,41,43,47,7.1,0
STU_10712,17,56,43,47,4.4,0
STU_10713,16,42,71,54,7.2,1
STU_10714,16,71,60,49,11.9,1
STU_10715,17,55,52,56,11.2,1
STU_10716,14,40,37,42,6.2,0
STU_10717,15,53,59,41,14.0,1
STU_10718,14,81,73,70,17.0,1
STU_10719,14,64,59,51,12.0,1
STU_10720,19,37,46,32,5.6,0
STU_10721,14,50,54,59,7.4,1
STU_10722,18,45,72,63,18.8,1
STU_10723,19,33,55,57,6.5,0
STU_10724,19,48,63,62,11.2,1
STU_10725,16,36,45,38,4.9,0
STU_10726,14,72,59,71,14.0,1
STU_10727,16,24,45,30,4.5,0
STU_10728,17,34,56,49,7.6,0
STU_10729,15,59,67,52,11.0,1
STU_10730,19,75,68,60,21.0,1
STU_10731,17,48,51,68,9.1,1
STU_10732,17,68,41,56,6.8,1
STU_10733,18,53,33,37,6.5,0
STU_10734,15,72,48,46,13.7,1
STU_10735,17,53,45,80,10.5,1
STU_10736,17,51,50,53,11.8,1
STU_10737,15,62,72,56,18.1,1
STU_10738,15,59,41,67,8.3,1
STU_10739,17,61,54,37,10.1,1
STU_10740,15,44,57,67,6.4,1
STU_10741,17,48,37,42,4.8,0
STU_10742,17,54,42,57,5.4,1
STU_10743,18,31,27,41,1.1,0
STU_10744,14,51,46,40,10.9,0
STU_10745,17,58,68,58,10.3,1
STU_10746,16,37,60,67,10.8,1
STU_10747,19,48,67,24,4.6,0
STU_10748,14,34,39,38,5.5,0
STU_10749,14,54,62,65,5.4,1
STU_10750,14,83,54,66,14.8,1
STU_10751,18,44,47,60,8.9,1
STU_10752,17,36,78,64,8.2,1
STU_10753,18,56,49,64,12.4,1
STU_10754,17,42,63,53,5.4,1
STU_10755,18,59,54,68,9.9,1
STU_10756,18,78,63,65,22.5,1
STU_10757,19,61,49,63,16.1,1
STU_10758,16,54,55,65,9.8,1
STU_10759,18,39,40,46,8.4,0
STU_10760,19,63,52,72,10.7,1
STU_10761,15,82,47,67,17.4,1
STU_10762,16,53,68,51,16.7,1
STU_10763,18,53,53,64,19.0,1
STU_10764,14,48,52,40,9.2,0
STU_10765,15,25,27,48,1.5,0
STU_10766,15,61,85,65,21.6,1
STU_10767,19,30,25,41,4.8,0
STU_10768,15,55,55,39,12.3,0
STU_10769,16,34,46,38,1.5,0
STU_10770,18,53,55,52,8.1,1
STU_10771,18,41,36,48,6.5,0
STU_10772,14,57,51,50,19.1,1
STU_10773,19,53,62,56,9.9,1
STU_10774,14,39,50,43,8.1,0
STU_10775,15,59,44,67,10.5,1
STU_10776,14,20,47,58,0.7,0
STU_10777,16,23,41,48,5.3,0
STU_10778,18,29,41,69,5.8,0
STU_10779,15,52,48,56,11.5,1
STU_10780,14,40,37,35,4.1,0
STU_10781,19,53,44,68,9.0,1
STU_10782,16,43,53,71,7.6,1
STU_10783,16,36,62,62,5.5,1
STU_10784,14,60,33,43,5.7,0
STU_10785,18,60,47,40,7.6,0
STU_10786,14,48,39,43,1.9,0
STU_10787,15,61,63,86,12.5,1
STU_10788,14,48,56,37,4.8,0
STU_10789,16,39,47,62,6.8,0
STU_10790,14,70,62,65,18.7,1
STU_10791,18,48,64,69,12.6,1
STU_10792,19,31,27,35,3.6,0
STU_10793,17,20,18,43,0.6,0
STU_10794,14,59,81,47,10.8,1
STU_10795,18,49,41,43,7.0,0
STU_10796,18,48,48,63,9.0,1
STU_10797,19,53,63,46,12.4,1
STU_10798,16,41,63,63,13.5,1
STU_10799,18,49,57,52,6.1,1
STU_10800,18,45,59,43,7.5,0
STU_10801,18,62,40,48,10.1,1
STU_10802,18,55,67,60,10.5,1
STU_10803,15,58,58,55,9.0,1
STU_10804,15,66,70,65,17.5,1
STU_10805,16,56,59,54,10.4,1
STU_10806,14,66,35,55,12.3,1
STU_10807,18,50,51,55,9.4,1
STU_10808,19,47,35,65,4.1,0
STU_10809,14,40,35,57,5.3,0
STU_10810,19,40,39,47,3.5,0
STU_10811,14,77,69,49,14.4,1
STU_10812,16,46,45,43,2.6,0
STU_10813,18,43,54,43,7.3,0
STU_10814,18,51,44,43,6.3,0
STU_10815,17,33,52,31,6.2,0
STU_10816,19,45,47,52,6.6,0
STU_10817,14,60,79,89,19.4,1
STU_10818,14,43,48,49,1.8,0
STU_10819,15,62,66,71,16.3,1
STU_10820,17,50,41,63,7.0,1
STU_10821,15,66,62,56,13.0,1
STU_10822,15,46,54,52,8.4,1
STU_10823,15,37,45,34,3.7,0
STU_10824,19,66,61,66,17.2,1
STU_10825,19,55,57,63,15.7,1
STU_10826,16,42,47,40,3.9,0
STU_10827,16,56,48,70,11.3,1
STU_10828,15,47,44,42,5.4,0
STU_10829,17,44,48,79,2.7,1
STU_10830,14,28,50,55,4.8,0
STU_10831,19,52,53,63,16.6,1
STU_10832,17,47,62,81,13.2,1
STU_10833,18,48,69,27,6.6,0
STU_10834,19,62,71,60,16.7,1
STU_10835,19,39,59,57,15.0,1
STU_10836,16,63,59,48,4.8,1
STU_10837,14,49,90,68,18.9,1
STU_10838,14,47,57,50,6.3,1
STU_10839,18,53,32,68,6.9,0
STU_10840,18,31,47,52,1.9,0
STU_10841,19,51,60,56,5.4,1
STU_10842,15,38,29,58,7.3,0
STU_10843,16,54,63,41,9.6,1
STU_10844,16,20,42,51,3.7,0
STU_10845,19,56,59,53,4.9,1
STU_10846,17,70,68,54,19.2,1
STU_10847,15,45,65,71,14.5,1
STU_10848,19,70,67,40,16.0,1
STU_10849,15,65,57,81,7.7,1
STU_10850,15,43,58,55,9.8,1
STU_10851,15,53,47,48,11.4,0
STU_10852,19,64,66,73,19.0,1
STU_10853,16,32,42,55,2.6,0
STU_10854,16,37,59,74,5.7,1
STU_10855,15,45,58,75,9.3,1
STU_10856,17,44,45,40,8.4,0
STU_10857,14,40,37,47,4.9,0
STU_10858,19,50,62,47,10.9,1
STU_10859,14,53,43,60,5.9,1
STU_10860,17,56,58,69,8.1,1
STU_10861,19,39,54,42,10.6,0
STU_10862,15,40,62,51,6.1,1
STU_10863,16,70,51,52,12.6,1
STU_10864,14,63,75,70,13.9,1
STU_10865,18,47,56,55,5.0,1
STU_10866,18,48,43,64,5.9,1
STU_10867,17,40,36,45,4.1,0
STU_10868,15,49,70,53,8.0,1
STU_10869,14,48,44,60,9.6,1
STU_10870,15,55,51,49,6.4,1
STU_10871,14,48,56,59,9.4,1
STU_10872,17,44,47,65,5.8,1
STU_10873,17,53,55,75,5.9,1
STU_10874,18,50,45,51,9.9,0
STU_10875,15,45,67,75,6.1,1
STU_10876,19,45,42,48,7.7,0
STU_10877,18,52,53,66,10.1,1
STU_10878,15,49,39,50,9.4,0
STU_10879,18,40,58,40,5.8,0
STU_10880,19,54,80,75,14.7,1
STU_10881,16,38,62,47,2.5,0
STU_10882,16,46,50,60,0.5,1
STU_10883,16,61,52,65,11.1,1
STU_10884,16,36,53,60,9.3,0
STU_10885,14,38,41,55,3.8,0
STU_10886,16,44,40,66,8.6,1
STU_10887,19,29,44,61,5.3,0
STU_10888,17,57,64,52,10.7,1
STU_10889,17,35,30,50,0.6,0
STU_10890,14,67,26,69,6.8,0
STU_10891,16,42,34,52,5.6,0
STU_10892,16,50,66,53,12.6,1
STU_10893,16,30,24,40,1.9,0
STU_10894,18,45,46,63,8.2,1
STU_10895,15,61,52,55,11.1,1
STU_10896,18,80,74,72,21.0,1
STU_10897,15,75,50,48,5.9,1
STU_10898,16,40,58,69,9.7,1
STU_10899,16,39,40,49,2.0,0
STU_10900,18,43,41,70,8.0,1
STU_10901,18,66,71,77,15.3,1
STU_10902,15,87,54,67,21.1,1
STU_10903,17,62,62,71,10.2,1
STU_10904,15,27,53,44,2.5,0
STU_10905,18,72,88,66,16.6,1
STU_10906,19,18,34,39,2.5,0
STU_10907,18,18,38,55,3.5,0
STU_10908,19,64,66,67,17.4,1
STU_10909,14,55,50,59,7.6,1
STU_10910,18,48,55,36,5.4,0
STU_10911,14,75,62,36,11.9,1
STU_10912,17,52,49,42,8.8,0
STU_10913,15,60,60,66,14.5,1
STU_10914,19,63,62,62,9.1,1
STU_10915,15,48,40,68,9.2,1
STU_10916,14,64,58,56,14.2,1
STU_10917,19,53,56,56,7.6,1
STU_10918,15,33,34,42,4.4,0
STU_10919,18,61,22,74,12.3,0
STU_10920,16,69,63,45,6.7,1
STU_10921,14,63,53,68,9.5,1
STU_10922,15,30,28,44,1.7,0
STU_10923,14,72,59,70,7.4,1
STU_10924,14,52,45,53,5.7,1
STU_10925,19,42,30,49,1.6,0
STU_10926,19,48,54,45,7.5,0
STU_10927,16,56,51,77,7.7,1
STU_10928,18,54,48,67,9.9,1
STU_10929,14,62,54,67,15.1,1
STU_10930,15,59,50,63,13.8,1
STU_10931,17,56,55,44,6.0,1
STU_10932,14,60,40,62,8.9,1
STU_10933,14,53,47,56,10.8,1
STU_10934,16,31,49,52,6.1,0
STU_10935,18,40,57,58,2.7,1
STU_10936,17,40,51,56,7.0,0
STU_10937,19,58,69,62,15.5,1
STU_10938,19,38,43,64,2.6,0
STU_10939,15,32,54,41,4.1,0
STU_10940,17,27,65,32,4.7,0
STU_10941,19,45,40,41,4.1,0
STU_10942,15,57,57,60,12.0,1
STU_10943,18,44,48,58,5.3,1
STU_10944,15,62,63,50,12.1,1
STU_10945,19,43,52,95,8.2,1
STU_10946,16,42,36,49,2.1,0
STU_10947,16,60,48,53,6.2,1
STU_10948,16,58,85,46,14.0,1
STU_10949,19,70,55,39,8.8,1
STU_10950,16,47,29,33,6.5,0
STU_10951,17,55,59,77,15.6,1
STU_10952,18,50,44,63,3.8,1
STU_10953,15,44,45,51,5.4,0
STU_10954,15,69,59,46,13.3,1
STU_10955,19,60,60,55,11.8,1
STU_10956,16,38,49,65,3.6,1
STU_10957,16,69,57,51,10.5,1
STU_10958,14,39,56,41,5.2,0
STU_10959,18,16,26,43,1.6,0
STU_10960,17,56,46,49,6.5,1
STU_10961,15,78,77,77,21.8,1
STU_10962,14,73,63,36,14.1,1
STU_10963,14,40,44,55,7.8,0
STU_10964,19,37,37,40,2.5,0
STU_10965,15,34,32,41,1.6,0
STU_10966,19,59,61,62,8.2,1
STU_10967,17,60,36,42,10.1,0
STU_10968,14,59,44,60,12.0,1
STU_10969,14,58,60,63,11.3,1
STU_10970,18,45,62,64,11.8,1
STU_10971,17,60,37,63,9.4,1
STU_10972,14,71,69,68,15.4,1
STU_10973,17,68,49,59,5.7,1
STU_10974,15,54,56,44,8.2,1
STU_10975,16,45,42,62,2.1,0
STU_10976,14,50,51,38,5.6,0
STU_10977,18,53,65,64,13.9,1
STU_10978,15,68,61,50,11.6,1
STU_10979,17,36,42,27,1.1,0
STU_10980,19,74,74,64,22.8,1
STU_10981,15,49,51,53,8.8,1
STU_10982,14,50,55,70,8.9,1
STU_10983,17,40,55,71,5.4,1
STU_10984,16,48,68,50,6.2,1
STU_10985,15,50,57,39,8.7,0
STU_10986,14,53,60,43,11.2,1
STU_10987,18,57,66,64,9.7,1
STU_10988,19,46,51,59,5.7,1
STU_10989,17,37,34,43,4.3,0
STU_10990,15,35,37,37,4.1,0
STU_10991,15,62,79,72,14.5,1
STU_10992,16,52,53,46,13.6,1
STU_10993,16,46,61,52,10.6,1
STU_10994,18,53,51,66,14.5,1
STU_10995,19,51,63,31,7.4,0
STU_10996,18,70,54,70,12.9,1
STU_10997,14,58,56,83,11.0,1
STU_10998,14,67,57,61,13.1,1
STU_10999,18,41,49,49,3.9,0
STU_11000,19,38,41,46,0.9,0
STU_11001,18,68,62,58,9.4,1
STU_11002,19,55,55,44,6.4,1
STU_11003,19,47,43,34,1.3,0
STU_11004,17,61,70,59,15.9,1
STU_11005,19,59,67,62,13.6,1
STU_11006,16,57,50,45,9.8,1
STU_11007,19,37,40,35,4.5,0
STU_11008,19,15,57,42,2.1,0
STU_11009,19,41,47,32,1.3,0
STU_11010,14,55,51,59,5.6,1
STU_11011,16,57,49,20,11.9,0
STU_11012,16,41,30,39,6.4,0
STU_11013,18,51,52,72,10.7,1
STU_11014,17,35,51,55,11.0,0
STU_11015,19,53,54,60,11.8,1
STU_11016,15,27,49,46,1.8,0
STU_11017,17,37,61,43,4.8,0
STU_11018,17,42,66,69,10.6,1
STU_11019,16,54,60,58,17.8,1
STU_11020,17,52,68,52,15.1,1
STU_11021,19,58,48,63,9.5,1
STU_11022,19,59,45,41,16.0,0
STU_11023,14,41,52,52,9.5,0
STU_11024,19,47,55,42,2.6,0
STU_11025,19,57,53,55,11.7,1
STU_11026,16,39,71,56,15.3,1
STU_11027,19,83,65,72,20.9,1
STU_11028,14,46,54,63,5.5,1
STU_11029,15,49,41,54,3.6,0
STU_11030,16,56,74,55,12.9,1
STU_11031,15,69,51,63,10.2,1
STU_11032,16,49,48,64,9.7,1
STU_11033,18,38,78,67,16.1,1
STU_11034,17,49,53,71,12.9,1
STU_11035,18,59,57,31,10.8,0
STU_11036,19,47,42,52,5.9,0
STU_11037,15,56,67,62,12.3,1
STU_11038,19,31,57,33,3.5,0
STU_11039,17,52,46,58,9.5,1
STU_11040,16,49,56,64,7.8,1
STU_11041,17,39,48,45,2.5,0
STU_11042,14,59,56,63,10.2,1
STU_11043,17,47,62,62,5.5,1
STU_11044,14,51,69,71,10.1,1
STU_11045,17,33,36,62,4.2,0
STU_11046,14,72,71,74,13.0,1
STU_11047,15,90,74,61,19.4,1
STU_11048,19,59,46,45,3.5,1
STU_11049,19,50,42,22,4.2,0
STU_11050,18,24,28,37,3.0,0
STU_11051,19,30,52,66,7.0,0
STU_11052,16,48,57,49,10.0,1
STU_11053,17,56,77,62,11.9,1
STU_11054,18,51,46,58,9.4,1
STU_11055,16,58,41,72,11.7,1
STU_11056,16,35,39,31,7.7,0
STU_11057,14,61,63,55,5.4,1
STU_11058,19,58,40,53,4.2,1
STU_11059,15,35,63,43,7.2,0
STU_11060,15,24,45,60,4.3,0
STU_11061,18,52,44,40,9.8,0
STU_11062,15,56,65,62,4.4,1
STU_11063,17,45,60,28,5.8,0
STU_11064,15,64,59,51,14.5,1
STU_11065,18,58,72,60,15.3,1
STU_11066,15,63,63,64,15.0,1
STU_11067,17,58,55,33,7.7,0
STU_11068,14,49,65,63,5.6,1
STU_11069,18,60,40,65,10.7,1
STU_11070,14,26,41,71,4.4,0
STU_11071,14,78,58,66,12.2,1
STU_11072,14,28,50,43,5.3,0
STU_11073,16,49,37,41,7.0,0
STU_11074,19,56,67,54,12.4,1
STU_11075,16,38,30,71,2.0,0
STU_11076,19,53,34,51,5.4,0
STU_11077,14,46,51,57,10.0,1
STU_11078,18,51,75,72,11.2,1
STU_11079,19,42,80,43,10.2,1
STU_11080,17,59,54,59,6.9,1
STU_11081,17,61,57,65,13.1,1
STU_11082,15,49,46,60,4.1,1
STU_11083,19,50,48,59,4.0,1
STU_11084,18,73,69,55,9.9,1
STU_11085,16,60,32,34,3.8,0
STU_11086,14,74,81,60,19.7,1
STU_11087,15,46,33,60,5.5,0
STU_11088,17,53,54,80,12.9,1
STU_11089,16,49,43,35,3.4,0
STU_11090,16,73,70,50,17.4,1
STU_11091,14,42,51,37,8.1,0
STU_11092,19,52,48,43,5.4,0
STU_11093,17,57,49,63,6.6,1
STU_11094,18,33,31,65,4.9,0
STU_11095,16,49,55,30,7.0,0
STU_11096,14,41,52,36,3.5,0
STU_11097,18,45,60,36,5.5,0
STU_11098,19,49,77,50,12.8,1
STU_11099,17,33,57,53,9.1,0
STU_11100,19,35,59,45,4.1,0
STU_11101,16,39,50,58,7.1,0
STU_11102,18,66,48,41,15.4,1
STU_11103,18,49,57,46,6.0,1
STU_11104,18,45,51,64,3.8,1
STU_11105,16,41,56,73,11.0,1
STU_11106,16,26,40,65,1.4,0
STU_11107,19,41,53,57,6.7,1
STU_11108,15,64,60,56,16.1,1
STU_11109,19,44,54,55,7.0,1
STU_11110,17,62,50,88,13.5,1
STU_11111,14,52,36,43,3.8,0
STU_11112,18,37,36,73,6.8,0
STU_11113,15,37,71,25,6.4,0
STU_11114,14,55,56,63,10.6,1
STU_11115,15,49,63,61,8.3,1
STU_11116,19,74,55,68,17.3,1
STU_11117,16,45,45,56,5.7,0
STU_11118,18,67,57,60,8.3,1
STU_11119,19,31,63,59,6.6,0
STU_11120,14,58,45,50,7.9,1
STU_11121,14,50,46,50,7.5,0
STU_11122,14,29,37,35,4.4,0
STU_11123,14,37,57,67,12.4,1
STU_11124,14,33,36,65,5.2,0
STU_11125,15,56,31,70,4.9,0
STU_11126,19,51,45,39,2.6,0
STU_11127,18,44,54,32,5.6,0
STU_11128,16,41,35,55,5.1,0
STU_11129,16,29,34,34,1.6,0
STU_11130,19,46,48,59,6.9,1
STU_11131,19,61,82,39,16.9,1
STU_11132,16,57,14,60,2.9,0
STU_11133,16,37,55,55,7.8,0
STU_11134,15,51,56,31,6.8,0
STU_11135,17,73,49,61,11.5,1
STU_11136,18,64,54,59,12.0,1
STU_11137,14,67,80,77,23.9,1
STU_11138,17,36,53,64,9.3,1
STU_11139,19,46,63,24,4.7,0
STU_11140,16,46,48,46,5.5,0
STU_11141,17,58,56,51,5.9,1
STU_11142,18,50,51,48,5.3,0
STU_11143,19,65,76,62,19.2,1
STU_11144,14,50,49,69,11.6,1
STU_11145,14,26,44,29,2.4,0
STU_11146,18,55,54,53,10.6,1
STU_11147,18,28,37,47,3.9,0
STU_11148,16,66,66,57,11.9,1
STU_11149,14,67,41,50,14.7,1
STU_11150,19,53,63,76,6.9,1
STU_11151,17,32,25,62,5.5,0
STU_11152,19,65,65,89,17.6,1
STU_11153,15,40,55,58,5.0,1
STU_11154,15,44,34,59,4.7,0
STU_11155,18,48,49,50,4.2,0
STU_11156,16,44,53,71,7.6,1
STU_11157,15,47,56,61,9.3,1
STU_11158,14,66,56,58,13.6,1
STU_11159,19,43,51,77,10.9,1
STU_11160,19,47,40,43,10.8,0
STU_11161,18,64,63,55,16.0,1
STU_11162,17,51,54,80,4.1,1
STU_11163,18,30,38,55,2.8,0
STU_11164,17,73,52,28,11.2,0
STU_11165,18,35,66,64,7.4,1
STU_11166,18,75,58,49,13.7,1
STU_11167,18,61,54,47,7.8,1
STU_11168,17,30,52,79,5.4,0
STU_11169,17,39,54,76,11.3,1
STU_11170,18,57,58,76,8.4,1
STU_11171,15,45,60,47,7.8,1
STU_11172,16,72,89,71,26.3,1
STU_11173,16,81,73,64,15.3,1
STU_11174,16,45,37,68,12.1,1
STU_11175,17,43,40,51,8.6,0
STU_11176,17,43,46,75,8.1,1
STU_11177,15,19,41,58,6.6,0
STU_11178,16,52,45,71,9.1,1
STU_11179,16,36,56,43,5.8,0
STU_11180,18,49,45,44,3.5,0
STU_11181,17,58,49,56,7.8,1
STU_11182,16,54,51,50,9.5,1
STU_11183,19,62,56,72,13.7,1
STU_11184,15,45,43,62,4.7,1
STU_11185,19,43,65,51,8.2,1
STU_11186,19,48,38,64,10.8,1
STU_11187,15,67,68,79,10.7,1
STU_11188,19,76,91,77,18.7,1
STU_11189,16,49,61,60,6.7,1
STU_11190,17,49,35,64,4.5,0
STU_11191,15,50,47,73,8.5,1
STU_11192,18,49,59,69,6.9,1
STU_11193,19,52,45,51,6.2,0
STU_11194,15,25,42,61,5.7,0
STU_11195,14,61,52,52,9.5,1
STU_11196,14,53,35,50,5.2,0
STU_11197,17,49,56,64,12.1,1
STU_11198,16,69,45,42,11.8,1
STU_11199,17,31,61,60,10.0,0
STU_11200,17,46,36,42,4.1,0
STU_11201,17,52,53,42,9.3,0
STU_11202,17,57,56,69,14.2,1
STU_11203,18,58,62,56,12.6,1
STU_11204,18,62,65,60,11.6,1
STU_11205,15,32,54,51,8.1,0
STU_11206,14,59,44,47,7.9,1
STU_11207,17,59,57,63,15.5,1
STU_11208,15,62,77,40,9.4,1
STU_11209,14,59,63,54,9.5,1
STU_11210,19,86,85,100,30.5,1
STU_11211,16,46,43,39,6.6,0
STU_11212,18,37,26,62,1.5,0
STU_11213,19,64,61,76,7.2,1
STU_11214,14,37,43,45,7.5,0
STU_11215,19,48,64,59,9.4,1
STU_11216,16,38,63,42,10.6,0
STU_11217,14,39,54,31,1.7,0
STU_11218,19,48,63,59,10.7,1
STU_11219,18,44,48,58,7.7,1
STU_11220,18,62,49,46,6.8,1
STU_11221,15,31,42,35,2.5,0
STU_11222,19,64,63,55,17.2,1
STU_11223,17,41,32,62,6.1,0
STU_11224,19,52,35,68,11.7,1
STU_11225,14,71,53,57,4.7,1
STU_11226,14,35,52,51,9.6,0
STU_11227,19,54,58,41,6.8,1
STU_11228,16,80,53,72,11.5,1
STU_11229,18,58,49,70,6.7,1
STU_11230,14,44,54,44,4.5,0
STU_11231,18,37,66,52,7.9,1
STU_11232,14,62,47,37,7.7,0
STU_11233,15,61,43,61,9.2,1
STU_11234,17,44,72,83,13.4,1
STU_11235,14,39,41,60,3.9,0
STU_11236,18,47,54,84,13.1,1
STU_11237,15,13,40,45,3.5,0
STU_11238,14,43,49,43,11.2,0
STU_11239,16,57,64,74,11.4,1
STU_11240,17,51,34,53,5.9,0
STU_11241,14,40,47,40,4.8,0
STU_11242,15,57,48,71,4.7,1
STU_11243,16,60,45,48,8.4,1
STU_11244,19,55,73,46,11.9,1
STU_11245,15,46,59,60,7.3,1
STU_11246,15,41,36,32,1.4,0
STU_11247,16,45,46,63,5.7,1
STU_11248,15,31,56,38,5.6,0
STU_11249,16,51,56,59,10.6,1
STU_11250,14,61,69,60,10.9,1
STU_11251,16,64,58,58,8.8,1
STU_11252,16,68,61,45,13.1,1
STU_11253,17,63,62,58,13.6,1
STU_11254,16,60,79,67,5.9,1
STU_11255,16,48,35,48,4.6,0
STU_11256,19,48,39,41,7.6,0
STU_11257,14,65,50,50,8.7,1
STU_11258,17,52,61,37,5.7,1
STU_11259,19,100,69,59,34.5,1
STU_11260,18,53,46,61,16.7,1
STU_11261,14,36,43,52,5.4,0
STU_11262,14,34,66,57,4.0,0
STU_11263,18,46,46,56,5.1,0
STU_11264,16,78,48,67,13.7,1
STU_11265,19,49,68,60,13.9,1
STU_11266,15,74,81,87,16.8,1
STU_11267,17,31,39,41,4.5,0
STU_11268,15,75,60,53,10.6,1
STU_11269,18,28,47,69,4.8,0
STU_11270,14,76,74,61,18.8,1
STU_11271,14,52,41,49,4.6,0
STU_11272,17,47,50,53,3.4,1
STU_11273,14,33,52,62,3.8,0
STU_11274,14,39,58,55,8.0,1
STU_11275,17,69,41,48,11.8,1
STU_11276,19,66,42,53,11.3,1
STU_11277,19,52,37,55,3.9,0
STU_11278,17,58,51,49,6.3,1
STU_11279,18,30,53,46,5.8,0
STU_11280,14,26,33,39,3.6,0
STU_11281,14,39,50,64,5.7,1
STU_11282,18,60,74,62,16.4,1
STU_11283,19,35,50,47,3.2,0
STU_11284,16,54,48,62,9.1,1
STU_11285,16,76,61,48,16.6,1
STU_11286,16,61,51,63,16.2,1
STU_11287,19,61,86,83,19.2,1
STU_11288,19,60,58,55,9.6,1
STU_11289,18,51,39,59,10.4,0
STU_11290,14,47,60,54,5.8,1
STU_11291,18,37,50,60,3.2,0
STU_11292,18,52,62,55,7.3,1
STU_11293,19,51,56,88,14.7,1
STU_11294,16,45,36,49,1.4,0
STU_11295,15,45,39,47,6.0,0
STU_11296,14,47,77,74,11.0,1
STU_11297,19,55,46,51,8.0,1
STU_11298,16,56,54,56,15.7,1
STU_11299,15,53,54,47,13.8,1
STU_11300,15,28,39,53,2.9,0
STU_11301,19,33,67,49,8.4,0
STU_11302,17,49,49,42,4.9,0
STU_11303,14,55,58,44,4.9,1
STU_11304,15,36,46,44,3.1,0
STU_11305,19,44,51,64,9.2,1
STU_11306,19,45,53,68,15.8,1
STU_11307,16,31,69,54,9.7,0
STU_11308,17,47,53,54,2.9,1
STU_11309,14,29,61,52,7.8,0
STU_11310,18,43,64,59,10.7,1
STU_11311,16,51,43,46,7.4,0
STU_11312,15,53,56,48,9.6,1
STU_11313,15,48,57,52,5.2,1
STU_11314,16,47,58,54,6.9,1
STU_11315,19,43,50,63,6.6,1
STU_11316,15,55,86,70,17.4,1
STU_11317,17,36,50,44,4.0,0
STU_11318,14,35,54,33,1.5,0
STU_11319,17,46,67,73,16.8,1
STU_11320,15,43,48,58,8.6,0
STU_11321,18,37,53,59,3.4,0
STU_11322,14,52,66,65,13.2,1
STU_11323,14,52,59,77,11.1,1
STU_11324,16,76,60,64,19.0,1
STU_11325,16,59,63,55,9.0,1
STU_11326,18,98,72,83,26.4,1
STU_11327,19,33,58,63,7.5,0
STU_11328,14,51,45,61,11.1,1
STU_11329,18,69,49,41,12.0,1
STU_11330,16,81,97,64,35.0,1
STU_11331,16,34,54,47,6.1,0
STU_11332,14,40,50,52,6.0,0
STU_11333,17,77,52,38,12.2,1
STU_11334,15,31,54,48,3.2,0
STU_11335,16,55,47,58,4.9,1
STU_11336,19,48,52,52,7.3,1
STU_11337,19,57,66,69,18.7,1
STU_11338,16,85,50,65,12.2,1
STU_11339,17,52,63,37,8.4,1
STU_11340,17,49,41,58,5.7,0
STU_11341,18,81,91,62,22.8,1
STU_11342,19,53,42,51,7.7,0
STU_11343,18,65,49,43,4.9,1
STU_11344,19,98,79,84,25.1,1
STU_11345,15,32,42,36,3.3,0
STU_11346,15,84,71,78,16.1,1
STU_11347,14,43,59,80,8.1,1
STU_11348,18,60,63,41,12.1,1
STU_11349,16,40,45,51,10.9,0
STU_11350,18,67,45,65,12.0,1
STU_11351,16,79,68,63,26.4,1
STU_11352,17,67,74,69,24.2,1
STU_11353,18,56,67,53,5.1,1
STU_11354,17,69,55,49,10.7,1
STU_11355,15,54,63,48,2.2,1
STU_11356,15,43,58,70,12.8,1
STU_11357,14,77,63,60,14.5,1
STU_11358,18,35,46,35,1.5,0
STU_11359,17,70,48,67,7.9,1
STU_11360,16,63,60,74,12.1,1
STU_11361,15,55,37,60,9.8,1
STU_11362,15,41,35,38,3.4,0
STU_11363,16,42,27,39,3.7,0
STU_11364,17,41,57,27,7.3,0
STU_11365,17,35,34,45,6.1,0
STU_11366,18,43,63,64,6.5,1
STU_11367,18,52,47,41,3.1,0
STU_11368,19,36,61,44,8.2,0
STU_11369,19,82,61,77,18.7,1
STU_11370,14,43,32,62,3.5,0
STU_11371,15,55,46,47,7.0,0
STU_11372,18,64,67,63,11.4,1
STU_11373,17,49,63,38,2.5,1
STU_11374,16,50,56,50,8.2,1
STU_11375,17,61,48,41,14.2,1
STU_11376,15,51,35,53,4.1,0
STU_11377,19,40,37,53,8.7,0
STU_11378,17,48,59,53,13.7,1
STU_11379,14,76,76,72,25.6,1
STU_11380,15,53,50,52,8.4,1
STU_11381,19,63,35,41,5.0,0
STU_11382,16,39,29,52,2.0,0
STU_11383,19,64,47,47,5.0,1
STU_11384,14,45,47,47,2.9,0
STU_11385,15,66,58,50,19.6,1
STU_11386,16,70,64,58,13.2,1
STU_11387,14,39,53,47,3.7,0
STU_11388,19,46,22,41,4.8,0
STU_11389,14,37,67,60,8.3,1
STU_11390,15,45,68,37,14.2,1
STU_11391,18,60,65,51,10.7,1
STU_11392,14,64,44,60,10.1,1
STU_11393,14,71,60,78,9.0,1
STU_11394,19,34,53,34,3.8,0
STU_11395,19,65,45,55,8.4,1
STU_11396,16,62,58,60,7.8,1
STU_11397,19,35,41,49,2.9,0
STU_11398,17,84,63,53,19.3,1
STU_11399,15,54,45,46,5.4,0
STU_11400,15,52,44,21,3.0,0
STU_11401,18,67,45,52,6.0,1
STU_11402,18,58,41,37,6.8,0
STU_11403,15,27,54,58,7.7,0
STU_11404,18,50,54,45,6.7,0
STU_11405,16,34,52,45,7.9,0
STU_11406,19,52,36,57,8.8,0
STU_11407,15,51,46,57,8.5,1
STU_11408,18,47,46,66,10.1,1
STU_11409,15,43,72,54,10.4,1
STU_11410,17,49,56,55,10.6,1
STU_11411,14,53,55,43,12.1,1
STU_11412,19,43,41,67,5.1,1
STU_11413,15,45,45,40,5.2,0
STU_11414,14,66,68,69,14.2,1
STU_11415,18,43,30,60,6.2,0
STU_11416,14,61,52,58,7.4,1
STU_11417,19,47,44,50,7.0,0
STU_11418,15,89,82,69,25.1,1
STU_11419,17,40,53,49,4.5,0
STU_11420,18,71,38,29,4.5,0
STU_11421,15,54,37,53,7.9,0
STU_11422,19,64,46,69,7.1,1
STU_11423,18,35,57,46,3.6,0
STU_11424,16,44,59,53,7.6,1
STU_11425,14,47,47,43,8.1,0
STU_11426,19,70,41,53,5.8,1
STU_11427,16,46,44,44,7.3,0
STU_11428,15,35,33,60,4.8,0
STU_11429,17,54,52,62,3.6,1
STU_11430,18,47,57,67,6.1,1
STU_11431,14,40,41,34,4.0,0
STU_11432,18,35,38,56,3.2,0
STU_11433,15,43,34,54,1.9,0
STU_11434,18,62,48,50,9.1,1
STU_11435,14,54,40,65,6.0,1
STU_11436,15,56,59,65,14.3,1
STU_11437,18,36,56,67,6.3,1
STU_11438,17,11,59,41,9.1,0
STU_11439,19,35,38,43,5.3,0
STU_11440,15,45,52,55,7.8,1
STU_11441,19,38,48,60,1.9,0
STU_11442,15,43,38,57,6.1,0
STU_11443,17,71,47,40,4.5,1
STU_11444,19,64,72,79,13.4,1
STU_11445,16,38,50,51,8.8,0
STU_11446,14,64,38,49,12.4,1
STU_11447,16,66,37,53,15.1,1
STU_11448,18,35,50,37,5.8,0
STU_11449,17,53,53,30,8.5,0
STU_11450,16,47,46,48,3.8,0
STU_11451,15,63,59,39,9.9,1
STU_11452,18,37,40,60,10.7,0
STU_11453,18,59,45,66,9.5,1
STU_11454,16,60,52,56,5.8,1
STU_11455,16,90,78,68,20.3,1
STU_11456,17,37,48,37,8.1,0
STU_11457,14,92,76,90,32.7,1
STU_11458,16,41,47,71,3.8,1
STU_11459,16,62,57,73,11.3,1
STU_11460,19,58,49,45,13.7,1
STU_11461,15,35,24,48,3.9,0
STU_11462,19,49,55,49,6.8,1
STU_11463,19,37,36,44,2.9,0
STU_11464,18,69,65,62,15.5,1
STU_11465,14,40,51,77,7.5,1
STU_11466,15,33,34,51,4.5,0
STU_11467,17,73,64,55,13.8,1
STU_11468,17,72,42,57,7.9,1
STU_11469,16,76,43,45,12.7,1
STU_11470,16,53,38,48,10.3,0
STU_11471,17,53,45,60,4.1,1
STU_11472,16,38,63,53,5.6,1
STU_11473,14,48,46,73,4.6,1
STU_11474,19,36,62,52,3.6,1
STU_11475,16,52,56,34,2.4,0
STU_11476,18,87,79,52,22.6,1
STU_11477,16,73,69,66,9.4,1
STU_11478,15,51,69,45,10.2,1
STU_11479,14,77,73,49,14.6,1
STU_11480,15,50,28,45,5.6,0
STU_11481,15,41,41,59,3.1,0
STU_11482,18,60,50,54,12.1,1
STU_11483,14,58,55,39,3.4,1
STU_11484,14,55,54,71,11.9,1
STU_11485,14,39,60,59,2.7,1
STU_11486,14,20,44,67,3.3,0
STU_11487,14,43,46,66,5.3,1
STU_11488,18,59,53,70,11.7,1
STU_11489,16,61,66,57,18.8,1
STU_11490,15,43,57,63,10.2,1
STU_11491,14,26,46,64,5.4,0
STU_11492,16,53,55,80,13.3,1
STU_11493,16,54,38,50,2.7,0
STU_11494,15,28,63,44,4.3,0
STU_11495,18,58,71,45,8.4,1
STU_11496,17,66,53,69,12.3,1
STU_11497,17,72,58,45,7.0,1
STU_11498,16,57,40,53,6.6,1
STU_11499,19,57,46,43,6.8,0
STU_11500,19,65,50,59,14.6,1
STU_11501,15,44,56,55,4.8,1
STU_11502,17,51,49,52,4.1,1
STU_11503,16,60,55,60,6.7,1
STU_11504,18,65,72,47,15.7,1
STU_11505,17,57,38,49,5.2,0
STU_11506,16,76,46,47,6.8,1
STU_11507,16,40,47,37,2.6,0
STU_11508,14,49,46,44,7.0,0
STU_11509,18,50,53,45,9.1,0
STU_11510,14,42,35,53,3.4,0
STU_11511,15,74,75,65,14.6,1
STU_11512,14,52,62,65,9.1,1
STU_11513,14,47,59,55,5.7,1
STU_11514,17,49,59,57,9.1,1
STU_11515,19,59,44,58,10.6,1
STU_11516,16,34,37,55,2.1,0
STU_11517,18,39,46,32,9.3,0
STU_11518,14,67,60,61,15.4,1
STU_11519,18,63,56,54,4.8,1
STU_11520,19,43,33,71,5.8,0
STU_11521,19,36,42,40,6.4,0
STU_11522,14,76,54,46,12.4,1
STU_11523,15,42,31,24,3.9,0
STU_11524,14,63,57,41,10.3,1
STU_11525,17,39,45,50,6.5,0
STU_11526,16,70,80,58,19.3,1
STU_11527,15,61,46,44,6.7,1
STU_11528,14,39,45,47,1.3,0
STU_11529,18,57,57,64,11.4,1
STU_11530,15,38,29,56,10.0,0
STU_11531,15,59,38,55,8.8,1
STU_11532,14,55,66,66,15.2,1
STU_11533,15,51,45,27,2.4,0
STU_11534,18,45,44,51,4.3,0
STU_11535,19,52,64,53,7.8,1
STU_11536,15,58,57,54,8.6,1
STU_11537,19,52,65,46,7.1,1
STU_11538,18,57,18,46,2.7,0
STU_11539,14,61,65,56,5.8,1
STU_11540,16,56,62,83,18.6,1
STU_11541,15,40,44,30,3.7,0
STU_11542,16,57,62,60,7.7,1
STU_11543,18,44,33,70,10.3,0
STU_11544,15,41,55,44,12.2,0
STU_11545,19,48,66,56,11.4,1
STU_11546,17,44,41,54,5.6,0
STU_11547,16,2,54,72,4.3,0
STU_11548,15,59,76,90,19.4,1
STU_11549,16,40,60,45,12.9,0
STU_11550,15,61,57,51,8.1,1
STU_11551,14,74,78,65,16.6,1
STU_11552,19,42,48,54,2.6,0
STU_11553,16,42,52,51,3.1,0
STU_11554,17,43,31,36,1.4,0
STU_11555,17,40,57,43,8.5,0
STU_11556,18,63,57,38,8.8,1
STU_11557,15,41,54,26,2.9,0
STU_11558,16,67,47,42,12.6,1
STU_11559,18,47,52,60,1.8,1
STU_11560,16,58,45,63,9.6,1
STU_11561,15,58,79,63,10.9,1
STU_11562,17,53,43,52,8.5,0
STU_11563,14,39,30,47,2.6,0
STU_11564,17,67,59,59,15.1,1
STU_11565,18,47,58,34,5.7,0
STU_11566,19,40,51,58,5.7,0
STU_11567,14,50,63,60,5.0,1
STU_11568,18,59,54,45,11.6,1
STU_11569,15,57,42,38,5.5,0
STU_11570,14,23,36,53,3.5,0
STU_11571,18,59,54,64,13.4,1
STU_11572,15,41,36,61,7.6,0
STU_11573,17,54,53,76,13.7,1
STU_11574,19,55,39,42,7.9,0
STU_11575,15,29,53,49,4.8,0
STU_11576,16,40,56,36,2.1,0
STU_11577,15,51,54,44,8.5,0
STU_11578,15,36,42,47,6.4,0
STU_11579,19,58,64,74,11.9,1
STU_11580,16,37,46,63,5.4,0
STU_11581,18,75,64,55,9.8,1
STU_11582,18,61,41,30,7.7,0
STU_11583,15,44,36,54,4.5,0
STU_11584,16,41,54,55,5.6,1
STU_11585,16,45,43,38,3.0,0
STU_11586,19,79,80,76,20.2,1
STU_11587,17,55,45,45,9.7,0
STU_11588,18,30,47,57,2.9,0
STU_11589,19,68,75,69,19.6,1
STU_11590,14,42,29,33,3.7,0
STU_11591,18,47,46,47,5.3,0
STU_11592,19,50,29,54,6.7,0
STU_11593,18,56,65,57,7.8,1
STU_11594,17,69,44,69,11.7,1
STU_11595,14,48,39,60,1.7,0
STU_11596,17,55,51,51,7.9,1
STU_11597,14,34,39,58,6.5,0
STU_11598,15,62,70,72,8.6,1
STU_11599,19,55,41,41,6.3,0
STU_11600,14,43,45,45,5.8,0
STU_11601,17,48,43,35,7.2,0
STU_11602,18,70,61,59,19.0,1
STU_11603,14,41,46,54,5.9,0
STU_11604,19,44,69,38,14.7,1
STU_11605,14,39,53,59,8.4,1
STU_11606,16,41,44,49,8.2,0
STU_11607,18,31,52,54,8.7,0
STU_11608,19,42,41,43,10.3,0
STU_11609,19,58,60,51,6.2,1
STU_11610,15,65,56,79,14.1,1
STU_11611,17,44,50,52,10.3,0
STU_11612,15,34,24,24,3.2,0
STU_11613,19,50,35,60,1.3,0
STU_11614,18,81,85,72,18.7,1
STU_11615,14,52,58,56,8.8,1
STU_11616,14,52,54,55,3.0,1
STU_11617,18,38,49,52,5.9,0
STU_11618,19,60,32,77,12.9,0
STU_11619,14,33,50,61,6.9,0
STU_11620,14,44,52,48,7.3,0
STU_11621,14,56,65,74,11.5,1
STU_11622,17,35,53,75,9.3,1
STU_11623,17,60,47,67,10.7,1
STU_11624,16,63,55,62,11.5,1
STU_11625,15,54,42,41,4.9,0
STU_11626,18,68,52,58,5.2,1
STU_11627,18,47,44,54,4.5,0
STU_11628,18,44,37,51,5.4,0
STU_11629,16,32,55,61,7.2,0
STU_11630,17,52,43,54,7.5,0
STU_11631,19,70,61,69,16.3,1
STU_11632,19,38,48,66,9.1,1
STU_11633,16,46,52,38,7.2,0
STU_11634,19,42,31,38,3.9,0
STU_11635,18,52,49,42,6.4,0
STU_11636,15,79,80,88,19.5,1
STU_11637,14,64,70,73,19.3,1
STU_11638,17,48,41,60,6.3,0
STU_11639,17,45,38,60,2.3,0
STU_11640,16,44,50,40,5.8,0
STU_11641,17,60,70,41,16.4,1
STU_11642,18,55,65,52,7.2,1
STU_11643,19,54,40,68,11.6,1
STU_11644,18,37,53,51,7.7,0
STU_11645,16,54,44,33,2.8,0
STU_11646,18,38,50,44,7.9,0
STU_11647,19,56,61,46,12.4,1
STU_11648,15,48,44,44,5.3,0
STU_11649,16,62,48,46,12.2,1
STU_11650,15,51,53,56,8.2,1
STU_11651,14,27,64,52,11.9,0
STU_11652,15,45,53,62,9.4,1
STU_11653,14,45,55,39,4.0,0
STU_11654,14,45,46,55,6.4,0
STU_11655,15,51,53,52,6.3,1
STU_11656,16,55,31,55,5.2,0
STU_11657,19,56,75,61,9.0,1
STU_11658,18,66,70,76,21.4,1
STU_11659,18,55,56,70,14.1,1
STU_11660,19,79,60,68,15.2,1
STU_11661,14,42,37,54,5.0,0
STU_11662,14,62,51,54,15.3,1
STU_11663,16,73,68,74,18.2,1
STU_11664,17,56,47,43,4.8,0
STU_11665,15,44,56,53,10.0,1
STU_11666,14,48,54,47,10.2,0
STU_11667,18,31,48,43,6.7,0
STU_11668,16,48,40,51,8.6,0
STU_11669,15,60,50,54,10.5,1
STU_11670,16,44,51,44,7.0,0
STU_11671,15,77,55,60,13.8,1
STU_11672,15,42,46,50,3.2,0
STU_11673,19,45,47,46,6.3,0
STU_11674,14,53,55,83,11.7,1
STU_11675,16,58,72,71,20.1,1
STU_11676,16,60,66,62,14.2,1
STU_11677,19,54,59,47,8.5,1
STU_11678,18,47,69,54,7.2,1
STU_11679,18,49,57,55,6.5,1
STU_11680,14,40,34,52,6.5,0
STU_11681,14,26,31,63,2.1,0
STU_11682,17,69,67,48,19.7,1
STU_11683,19,51,42,49,7.5,0
STU_11684,18,42,49,58,4.6,0
STU_11685,15,55,59,46,9.9,1
STU_11686,16,52,41,33,4.9,0
STU_11687,14,66,71,54,13.0,1
STU_11688,16,52,60,62,4.7,1
STU_11689,16,67,39,49,12.0,1
STU_11690,17,51,34,48,6.4,0
STU_11691,18,55,64,60,9.2,1
STU_11692,14,77,67,52,12.5,1
STU_11693,16,53,52,46,5.6,1
STU_11694,14,49,58,51,12.3,1
STU_11695,15,20,40,41,2.1,0
STU_11696,17,64,71,51,17.4,1
STU_11697,15,66,61,57,13.5,1
STU_11698,14,58,63,65,7.4,1
STU_11699,14,49,55,79,14.9,1
STU_11700,18,67,61,74,14.0,1
STU_11701,16,60,59,55,7.8,1
STU_11702,16,55,52,72,7.7,1
STU_11703,15,47,52,75,4.3,1
STU_11704,17,48,57,56,8.0,1
STU_11705,19,35,38,37,2.7,0
STU_11706,16,64,47,73,11.9,1
STU_11707,18,62,50,45,12.0,1
STU_11708,15,36,31,38,2.2,0
STU_11709,15,90,46,40,16.5,1
STU_11710,19,29,57,59,5.3,0
STU_11711,18,89,69,54,31.3,1
STU_11712,17,43,71,66,8.9,1
STU_11713,18,69,59,83,16.6,1
STU_11714,17,23,42,69,4.2,0
STU_11715,18,59,33,38,6.4,0
STU_11716,18,55,51,31,5.5,0
STU_11717,14,43,40,41,2.7,0
STU_11718,15,38,44,58,3.3,0
STU_11719,18,55,42,66,7.2,1
STU_11720,19,56,58,63,9.7,1
STU_11721,18,52,36,55,3.9,0
STU_11722,16,45,49,78,6.2,1
STU_11723,15,42,50,45,4.9,0
STU_11724,16,59,65,45,7.5,1
STU_11725,15,62,64,44,11.4,1
STU_11726,16,48,52,59,8.3,1
STU_11727,18,48,47,49,5.4,0
STU_11728,18,62,63,69,13.8,1
STU_11729,14,57,61,51,9.6,1
STU_11730,19,63,44,61,8.4,1
STU_11731,16,39,53,45,3.9,0
STU_11732,17,52,49,58,13.0,1
STU_11733,14,56,59,55,10.1,1
STU_11734,16,48,60,38,10.4,0
STU_11735,16,38,42,51,6.8,0
STU_11736,14,56,32,58,6.1,0
STU_11737,18,68,67,56,19.8,1
STU_11738,16,27,21,73,6.0,0
STU_11739,18,50,42,49,3.4,0
STU_11740,14,46,39,48,8.7,0
STU_11741,18,55,81,46,7.7,1
STU_11742,15,71,71,76,14.1,1
STU_11743,17,50,50,44,7.1,0
STU_11744,16,35,69,61,11.2,1
STU_11745,19,46,72,74,17.1,1
STU_11746,17,46,42,62,9.8,1
STU_11747,18,42,38,43,4.1,0
STU_11748,16,51,52,57,2.1,1
STU_11749,18,56,44,58,9.9,1
STU_11750,15,73,52,33,6.3,0
STU_11751,14,36,59,68,9.0,1
STU_11752,16,50,48,47,7.8,0
STU_11753,15,37,45,47,3.4,0
STU_11754,15,50,58,56,7.1,1
STU_11755,16,60,52,43,3.9,1
STU_11756,18,63,52,60,5.7,1
STU_11757,19,59,59,47,13.0,1
STU_11758,15,58,57,48,8.1,1
STU_11759,17,57,35,70,10.8,1
STU_11760,15,40,66,55,8.5,1
STU_11761,19,47,47,41,6.5,0
STU_11762,18,46,45,56,9.0,0
STU_11763,18,39,48,52,2.4,0
STU_11764,17,48,63,41,11.9,1
STU_11765,15,45,36,68,4.6,0
STU_11766,18,57,55,76,10.4,1
STU_11767,19,54,49,53,6.4,1
STU_11768,16,44,43,47,3.4,0
STU_11769,14,61,62,51,5.1,1
STU_11770,14,76,55,66,10.5,1
STU_11771,14,73,74,76,23.3,1
STU_11772,15,58,43,56,7.5,1
STU_11773,17,95,65,84,21.8,1
STU_11774,18,49,46,60,2.4,1
STU_11775,16,54,44,42,6.7,0
STU_11776,19,30,48,63,7.5,0
STU_11777,16,49,57,70,10.8,1
STU_11778,19,40,47,54,5.2,0
STU_11779,15,66,55,62,9.5,1
STU_11780,14,40,50,49,6.9,0
STU_11781,15,62,69,49,15.3,1
STU_11782,17,59,78,75,8.7,1
STU_11783,17,81,98,63,29.9,1
STU_11784,19,50,45,71,6.9,1
STU_11785,18,63,74,60,14.7,1
STU_11786,18,75,55,78,17.3,1
STU_11787,19,43,34,46,1.0,0
STU_11788,17,63,64,68,11.8,1
STU_11789,17,43,50,54,3.3,0
STU_11790,17,30,55,45,6.8,0
STU_11791,15,43,38,51,3.7,0
STU_11792,17,63,57,60,15.4,1
STU_11793,16,52,48,58,5.4,1
STU_11794,14,35,39,49,2.3,0
STU_11795,17,51,61,58,8.8,1
STU_11796,19,66,62,52,16.7,1
STU_11797,14,35,41,35,3.7,0
STU_11798,15,46,42,60,12.7,0
STU_11799,19,42,50,49,1.8,0
STU_11800,14,76,69,53,17.4,1
STU_11801,19,47,31,62,9.9,0
STU_11802,15,39,48,56,3.5,0
STU_11803,16,65,53,60,12.1,1
STU_11804,15,54,55,51,5.6,1
STU_11805,15,45,44,36,4.3,0
STU_11806,19,49,39,37,5.5,0
STU_11807,18,61,74,62,11.4,1
STU_11808,17,49,60,40,4.1,0
STU_11809,17,27,38,38,1.3,0
STU_11810,16,64,51,54,5.7,1
STU_11811,16,66,59,85,15.8,1
STU_11812,17,71,46,58,15.7,1
STU_11813,18,37,60,74,5.5,1
STU_11814,17,43,39,50,5.4,0
STU_11815,18,48,59,57,5.2,1
STU_11816,16,26,53,61,5.0,0
STU_11817,14,36,49,62,5.3,0
STU_11818,19,44,52,59,9.1,1
STU_11819,16,51,71,60,16.0,1
STU_11820,16,43,35,59,4.1,0
STU_11821,15,43,59,55,4.6,1
STU_11822,15,67,55,51,9.7,1
STU_11823,15,45,72,73,11.8,1
STU_11824,19,42,41,53,2.7,0
STU_11825,15,61,70,58,19.3,1
STU_11826,18,29,51,43,6.4,0
STU_11827,17,46,48,70,2.9,1
STU_11828,14,46,60,42,2.6,0
STU_11829,16,45,38,56,2.5,0
STU_11830,18,48,60,65,14.6,1
STU_11831,14,51,51,62,8.2,1
STU_11832,18,67,38,82,14.6,1
STU_11833,18,58,44,64,7.3,1
STU_11834,16,67,56,70,14.4,1
STU_11835,17,58,76,51,7.2,1
STU_11836,15,65,58,49,10.7,1
STU_11837,19,50,55,80,7.6,1
STU_11838,17,52,34,52,6.9,0
STU_11839,19,53,44,49,4.4,0
STU_11840,16,60,66,61,11.6,1
STU_11841,16,54,69,51,3.7,1
STU_11842,16,65,50,75,11.6,1
STU_11843,14,44,33,60,8.4,0
STU_11844,19,43,49,44,11.8,0
STU_11845,17,51,44,47,8.8,0
STU_11846,17,51,55,62,15.3,1
STU_11847,18,54,63,67,10.1,1
STU_11848,18,50,55,38,8.5,0
STU_11849,18,50,29,52,1.2,0
STU_11850,16,68,77,70,15.6,1
STU_11851,17,49,61,57,2.5,1
STU_11852,19,36,26,48,3.1,0
STU_11853,16,73,70,70,12.4,1
STU_11854,14,58,49,45,8.0,1
STU_11855,18,44,33,58,2.6,0
STU_11856,16,27,32,50,5.4,0
STU_11857,16,74,58,62,15.2,1
STU_11858,14,68,47,55,8.7,1
STU_11859,15,50,52,61,8.1,1
STU_11860,17,44,67,38,5.0,0
STU_11861,19,53,53,69,12.7,1
STU_11862,15,32,36,63,7.4,0
STU_11863,18,50,53,54,11.3,1
STU_11864,16,60,56,50,4.6,1
STU_11865,14,88,73,61,23.4,1
STU_11866,14,57,71,51,16.7,1
STU_11867,17,45,53,57,8.6,1
STU_11868,15,74,54,58,9.8,1
STU_11869,17,35,63,47,5.4,0
STU_11870,16,49,47,44,11.9,0
STU_11871,17,33,30,52,1.4,0
STU_11872,19,56,59,62,19.1,1
STU_11873,14,50,60,49,11.5,1
STU_11874,14,37,45,63,4.0,0
STU_11875,18,60,75,55,18.9,1
STU_11876,18,88,73,76,22.3,1
STU_11877,16,42,52,40,10.1,0
STU_11878,19,42,49,34,4.7,0
STU_11879,15,41,68,59,8.2,1
STU_11880,17,53,44,53,10.9,1
STU_11881,16,43,44,43,9.6,0
STU_11882,18,43,45,60,4.0,0
STU_11883,17,58,76,61,10.8,1
STU_11884,18,76,51,38,15.1,1
STU_11885,17,35,43,59,3.4,0
STU_11886,15,58,35,37,3.7,0
STU_11887,16,36,50,32,5.3,0
STU_11888,17,45,29,44,7.0,0
STU_11889,19,76,48,59,12.8,1
STU_11890,14,91,75,62,15.0,1
STU_11891,19,60,45,32,4.6,0
STU_11892,19,49,45,39,9.0,0
STU_11893,14,66,61,53,14.6,1
STU_11894,19,85,76,64,24.1,1
STU_11895,17,55,58,63,9.0,1
STU_11896,17,42,32,51,9.3,0
STU_11897,17,56,44,64,10.1,1
STU_11898,14,42,39,64,6.5,0
STU_11899,19,41,58,61,8.6,1
STU_11900,14,35,41,13,1.7,0
STU_11901,17,48,61,48,5.5,1
STU_11902,19,64,63,55,10.7,1
STU_11903,19,40,42,49,4.4,0
STU_11904,18,58,58,36,13.0,1
STU_11905,18,47,54,39,2.2,0
STU_11906,15,59,73,44,12.7,1
STU_11907,16,62,57,49,12.7,1
STU_11908,18,80,67,69,24.4,1
STU_11909,14,49,27,44,6.4,0
STU_11910,18,39,30,44,8.0,0
STU_11911,15,69,72,63,18.1,1
STU_11912,19,80,69,58,16.8,1
STU_11913,15,62,54,63,14.1,1
STU_11914,19,44,67,51,9.8,1
STU_11915,19,82,64,47,17.8,1
STU_11916,16,95,79,66,29.2,1
STU_11917,18,63,68,54,11.3,1
STU_11918,14,57,62,49,8.2,1
STU_11919,14,46,57,43,12.1,0
STU_11920,17,57,57,62,8.9,1
STU_11921,19,61,55,56,6.7,1
STU_11922,14,54,81,53,13.0,1
STU_11923,16,26,46,50,5.8,0
STU_11924,19,59,44,46,11.2,0
STU_11925,16,40,49,57,2.7,0
STU_11926,14,55,70,89,19.6,1
STU_11927,14,50,47,43,4.8,0
STU_11928,17,46,43,62,3.1,1
STU_11929,14,50,48,54,16.5,1
STU_11930,19,87,70,59,18.2,1
STU_11931,19,60,50,71,9.7,1
STU_11932,19,30,47,52,7.5,0
STU_11933,17,55,44,60,6.5,1
STU_11934,17,60,53,52,9.4,1
STU_11935,14,63,53,34,7.8,0
STU_11936,15,42,49,79,7.2,1
STU_11937,15,51,57,47,4.4,1
STU_11938,17,39,51,51,3.6,0
STU_11939,14,45,51,46,8.4,0
STU_11940,15,43,42,64,9.2,0
STU_11941,14,25,52,58,5.0,0
STU_11942,14,50,44,34,5.5,0
STU_11943,14,49,51,57,9.2,1
STU_11944,18,16,32,59,4.4,0
STU_11945,19,62,65,74,14.4,1
STU_11946,14,66,81,64,10.9,1
STU_11947,18,31,41,58,4.9,0
STU_11948,17,47,61,51,10.6,1
STU_11949,15,47,57,36,4.4,0
STU_11950,19,32,53,56,12.7,0
STU_11951,15,38,21,36,4.6,0
STU_11952,19,52,57,45,7.5,1
STU_11953,15,45,53,46,8.7,0
STU_11954,19,55,70,55,18.1,1
STU_11955,15,31,46,56,4.8,0
STU_11956,15,27,57,39,4.6,0
STU_11957,15,34,42,68,2.8,0
STU_11958,15,84,93,79,21.1,1
STU_11959,17,73,58,67,8.2,1
STU_11960,14,62,71,53,14.6,1
STU_11961,16,53,47,53,5.5,1
STU_11962,18,36,51,40,5.9,0
STU_11963,16,28,34,56,7.8,0
STU_11964,16,68,45,34,7.9,0
STU_11965,19,50,68,70,11.8,1
STU_11966,14,57,51,47,8.3,1
STU_11967,19,48,37,55,6.3,0
STU_11968,14,83,65,74,21.3,1
STU_11969,14,52,38,44,4.4,0
STU_11970,15,46,45,41,4.8,0
STU_11971,17,47,37,49,4.4,0
STU_11972,15,69,72,67,12.1,1
STU_11973,17,50,57,55,10.4,1
STU_11974,19,64,36,60,7.2,1
STU_11975,17,36,60,58,4.3,1
STU_11976,19,51,51,52,8.7,1
STU_11977,16,65,64,58,13.1,1
STU_11978,16,52,71,67,18.5,1
STU_11979,17,59,51,64,5.4,1
STU_11980,17,53,46,49,7.2,0
STU_11981,19,87,58,69,10.3,1
STU_11982,15,67,47,55,6.3,1
STU_11983,19,40,47,40,3.1,0
STU_11984,15,66,48,53,7.3,1
STU_11985,16,50,41,36,3.4,0
STU_11986,14,62,45,45,13.7,1
STU_11987,17,30,49,59,6.6,0
STU_11988,15,35,53,62,7.7,1
STU_11989,19,44,64,50,4.9,1
STU_11990,16,44,55,54,7.9,1
STU_11991,15,66,56,56,16.0,1
STU_11992,19,75,51,63,14.6,1
STU_11993,17,50,47,71,3.8,1
STU_11994,17,29,32,57,0.7,0
STU_11995,18,57,44,52,7.3,1
STU_11996,14,38,41,50,6.6,0
STU_11997,18,35,45,48,6.4,0
STU_11998,16,49,54,36,5.6,0
STU_11999,15,34,24,44,3.7,0
STU_12000,16,74,91,80,25.3,1
STU_12001,19,83,70,58,21.1,1
STU_12002,17,53,42,49,6.2,0
STU_12003,18,47,61,42,8.6,1
STU_12004,18,44,58,69,13.9,1
STU_12005,18,43,41,40,8.6,0
STU_12006,16,65,32,58,5.9,0
STU_12007,17,50,50,60,3.2,1
STU_12008,15,64,59,50,8.1,1
STU_12009,19,44,39,41,3.5,0
STU_12010,15,59,76,67,15.4,1
STU_12011,16,58,51,71,7.8,1
STU_12012,19,67,69,72,10.8,1
STU_12013,18,42,39,51,6.5,0
STU_12014,14,51,48,49,12.8,0
STU_12015,16,29,41,48,5.3,0
STU_12016,16,45,49,37,9.5,0
STU_12017,17,53,60,46,6.3,1
STU_12018,15,42,52,58,7.0,1
STU_12019,16,69,52,56,13.8,1
STU_12020,16,63,46,44,4.8,1
STU_12021,18,53,50,55,9.9,1
STU_12022,18,65,56,60,16.5,1
STU_12023,19,65,59,68,13.5,1
STU_12024,14,39,45,36,5.4,0
STU_12025,17,48,47,63,10.7,1
STU_12026,14,33,34,47,2.2,0
STU_12027,19,49,69,65,14.0,1
STU_12028,18,96,89,62,29.1,1
STU_12029,15,47,63,65,9.6,1
STU_12030,18,77,62,70,16.9,1
STU_12031,17,46,32,67,3.1,0
STU_12032,18,42,39,40,4.0,0
STU_12033,17,55,59,46,6.5,1
STU_12034,17,39,34,33,7.3,0
STU_12035,17,44,68,47,9.6,1
STU_12036,19,52,36,67,5.4,1
STU_12037,17,29,60,58,8.7,0
STU_12038,17,60,50,52,13.7,1
STU_12039,15,60,49,58,10.7,1
STU_12040,14,60,28,51,6.4,0
STU_12041,16,72,76,37,12.2,1
STU_12042,14,45,54,33,6.2,0
STU_12043,17,58,58,66,8.4,1
STU_12044,15,51,54,68,13.3,1
STU_12045,18,43,40,36,7.1,0
STU_12046,15,55,51,47,3.4,1
STU_12047,17,50,39,46,8.3,0
STU_12048,15,61,58,72,13.4,1
STU_12049,15,50,48,65,14.1,1
STU_12050,17,46,45,37,3.9,0
STU_12051,19,64,38,59,11.9,1
STU_12052,15,55,34,52,6.9,0
STU_12053,16,55,58,64,17.6,1
STU_12054,16,51,50,43,3.5,0
STU_12055,15,46,52,58,11.8,1
STU_12056,19,46,58,43,6.4,0
STU_12057,18,29,62,38,5.5,0
STU_12058,17,58,57,46,13.7,1
STU_12059,16,52,47,50,14.9,0
STU_12060,18,34,50,52,1.7,0
STU_12061,15,60,45,65,13.8,1
STU_12062,18,57,41,70,7.7,1
STU_12063,14,58,34,51,8.1,0
STU_12064,16,18,53,56,3.3,0
STU_12065,15,62,62,58,11.4,1
STU_12066,17,83,95,76,25.6,1
STU_12067,19,40,43,60,5.7,0
STU_12068,15,54,55,69,15.7,1
STU_12069,17,49,46,55,8.0,1
STU_12070,19,48,34,45,5.8,0
STU_12071,19,44,57,51,2.9,1
STU_12072,15,63,99,79,16.9,1
STU_12073,18,25,45,56,8.6,0
STU_12074,18,41,54,47,6.0,0
STU_12075,19,35,47,61,6.7,0
STU_12076,18,77,61,43,11.9,1
STU_12077,14,46,58,48,6.0,1
STU_12078,19,50,33,39,4.3,0
STU_12079,19,55,45,52,7.5,1
STU_12080,17,51,62,67,7.3,1
STU_12081,18,44,55,60,7.2,1
STU_12082,19,41,51,31,6.1,0
STU_12083,14,44,69,56,16.0,1
STU_12084,17,92,93,62,30.8,1
STU_12085,15,45,56,61,3.9,1
STU_12086,19,37,48,40,1.5,0
STU_12087,14,49,49,53,6.9,1
STU_12088,16,26,44,48,1.7,0
STU_12089,14,37,42,50,2.7,0
STU_12090,14,39,40,19,5.7,0
STU_12091,17,63,56,62,11.8,1
STU_12092,15,48,48,47,6.9,0
STU_12093,16,31,23,56,1.2,0
STU_12094,18,46,57,55,6.8,1
STU_12095,18,37,59,60,7.1,1
STU_12096,14,45,55,45,7.2,0
STU_12097,17,67,70,49,14.7,1
STU_12098,17,46,58,69,13.3,1
STU_12099,18,50,46,60,8.4,1
STU_12100,16,69,84,73,22.9,1
STU_12101,15,32,37,54,5.7,0
STU_12102,16,67,39,58,7.4,1
STU_12103,19,62,55,39,7.9,1
STU_12104,19,34,47,60,2.9,0
STU_12105,15,47,60,52,8.0,1
STU_12106,18,19,25,46,2.5,0
STU_12107,15,28,45,46,5.2,0
STU_12108,17,39,40,27,8.6,0
STU_12109,19,40,52,55,3.2,0
STU_12110,14,51,67,45,9.7,1
STU_12111,14,47,50,51,4.6,0
STU_12112,18,53,43,43,6.3,0
STU_12113,17,57,48,53,10.7,1
STU_12114,16,38,46,49,7.6,0
STU_12115,17,56,45,46,9.6,0
STU_12116,14,60,53,54,10.4,1
STU_12117,14,44,42,48,7.5,0
STU_12118,19,34,40,44,9.9,0
STU_12119,17,56,50,64,5.1,1
STU_12120,17,55,60,48,10.7,1
STU_12121,14,20,66,59,6.9,0
STU_12122,16,85,60,70,16.2,1
STU_12123,18,46,33,65,8.7,0
STU_12124,18,69,55,45,5.6,1
STU_12125,17,58,65,55,10.8,1
STU_12126,18,63,76,61,16.6,1
STU_12127,14,47,62,57,5.9,1
STU_12128,14,37,61,48,5.3,0
STU_12129,17,37,30,51,0.8,0
STU_12130,17,71,67,52,8.7,1
STU_12131,19,38,45,64,6.5,0
STU_12132,17,60,63,57,10.7,1
STU_12133,16,47,58,56,10.9,1
STU_12134,18,39,33,52,3.0,0
STU_12135,17,79,71,78,13.3,1
STU_12136,15,49,41,44,4.8,0
STU_12137,19,53,66,63,5.9,1
STU_12138,15,53,46,47,9.8,0
STU_12139,14,69,34,50,3.7,0
STU_12140,18,35,40,42,5.3,0
STU_12141,17,26,59,45,3.5,0
STU_12142,15,77,45,53,13.9,1
STU_12143,18,43,57,60,6.3,1
STU_12144,14,45,62,43,3.3,1
STU_12145,16,58,42,55,3.4,1
STU_12146,19,62,54,53,12.7,1
STU_12147,18,65,46,50,4.5,1
STU_12148,18,47,36,68,5.9,1
STU_12149,16,43,78,46,8.2,1
STU_12150,18,23,55,44,6.6,0
STU_12151,14,42,29,44,2.0,0
STU_12152,14,33,48,57,11.4,0
STU_12153,16,51,51,59,6.9,1
STU_12154,19,67,40,56,9.5,1
STU_12155,17,56,42,61,11.9,1
STU_12156,15,40,43,34,1.6,0
STU_12157,17,66,67,62,12.0,1
STU_12158,18,91,91,79,27.5,1
STU_12159,15,65,54,63,10.1,1
STU_12160,16,64,61,59,16.4,1
STU_12161,16,37,60,60,13.7,1
STU_12162,19,68,67,66,11.7,1
STU_12163,15,58,48,49,13.9,1
STU_12164,14,54,55,42,15.3,1
STU_12165,15,66,59,50,15.6,1
STU_12166,18,43,41,42,3.4,0
STU_12167,14,53,60,73,14.4,1
STU_12168,16,34,49,75,6.8,0
STU_12169,15,68,70,53,16.0,1
STU_12170,17,46,37,56,10.7,0
STU_12171,19,42,27,43,3.4,0
STU_12172,17,70,59,69,17.2,1
STU_12173,19,53,54,53,4.8,1
STU_12174,18,68,42,43,6.6,1
STU_12175,17,72,69,60,19.5,1
STU_12176,15,46,53,53,8.7,1
STU_12177,15,63,51,66,6.4,1
STU_12178,17,59,66,46,7.6,1
STU_12179,15,48,55,35,6.3,0
STU_12180,18,60,68,73,12.6,1
STU_12181,14,47,47,58,6.5,1
STU_12182,18,51,65,41,7.8,1
STU_12183,19,54,57,61,11.2,1
STU_12184,18,44,35,65,10.5,0
STU_12185,19,44,71,52,5.1,1
STU_12186,15,75,59,74,12.7,1
STU_12187,14,37,52,57,5.7,0
STU_12188,15,39,34,53,4.0,0
STU_12189,16,30,63,50,2.1,0
STU_12190,15,60,42,54,7.2,1
STU_12191,19,48,38,57,2.5,0
STU_12192,15,30,30,48,4.6,0
STU_12193,15,29,54,64,7.9,0
STU_12194,14,71,59,65,15.1,1
STU_12195,15,34,33,54,6.7,0
STU_12196,14,49,42,45,2.9,0
STU_12197,17,42,51,50,7.5,0
STU_12198,16,69,59,65,14.8,1
STU_12199,14,51,30,63,6.6,0
STU_12200,19,60,67,69,16.6,1
STU_12201,17,40,38,46,7.9,0
STU_12202,14,62,66,41,12.0,1
STU_12203,14,44,47,63,9.1,1
STU_12204,16,75,73,92,16.1,1
STU_12205,19,70,76,68,23.8,1
STU_12206,18,49,48,46,5.9,0
STU_12207,18,47,65,64,8.8,1
STU_12208,14,62,54,52,15.1,1
STU_12209,15,45,42,72,9.3,1
STU_12210,19,37,47,52,2.0,0
STU_12211,17,21,36,52,6.7,0
STU_12212,15,44,45,47,9.3,0
STU_12213,15,63,52,75,18.6,1
STU_12214,19,50,63,49,8.5,1
STU_12215,14,56,35,58,4.4,0
STU_12216,14,45,46,60,9.4,1
STU_12217,14,81,53,79,17.6,1
STU_12218,14,36,43,53,5.3,0
STU_12219,18,34,46,86,5.8,0
STU_12220,14,26,55,57,5.4,0
STU_12221,18,47,30,50,3.2,0
STU_12222,18,51,45,50,8.3,0
STU_12223,14,54,65,63,7.7,1
STU_12224,16,40,52,43,2.2,0
STU_12225,17,43,39,42,4.7,0
STU_12226,15,54,52,50,9.0,1
STU_12227,18,78,77,56,11.8,1
STU_12228,19,55,48,85,13.7,1
STU_12229,19,78,39,62,12.4,1
STU_12230,17,58,45,47,8.0,1
STU_12231,19,44,42,60,2.8,0
STU_12232,16,53,41,55,6.9,0
STU_12233,19,5,50,60,1.1,0
STU_12234,15,49,55,76,9.0,1
STU_12235,15,38,40,34,5.2,0
STU_12236,18,59,35,21,1.6,0
STU_12237,14,50,47,78,10.0,1
STU_12238,16,66,74,57,17.5,1
STU_12239,18,39,37,29,2.5,0
STU_12240,16,41,43,51,10.5,0
STU_12241,14,41,58,41,6.2,0
STU_12242,19,52,43,42,4.8,0
STU_12243,19,22,32,60,4.8,0
STU_12244,14,49,65,48,6.2,1
STU_12245,18,37,54,34,6.2,0
STU_12246,14,62,51,54,7.8,1
STU_12247,17,47,43,41,4.5,0
STU_12248,15,29,43,48,5.1,0
STU_12249,18,51,53,55,11.0,1
STU_12250,16,47,42,59,4.2,0
STU_12251,17,49,47,50,9.3,0
STU_12252,18,48,47,60,6.4,1
STU_12253,14,45,41,34,5.6,0
STU_12254,14,81,73,78,20.6,1
STU_12255,14,45,43,63,3.3,1
STU_12256,14,67,60,62,18.1,1
STU_12257,16,58,58,50,12.8,1
STU_12258,17,34,52,39,5.3,0
STU_12259,19,73,36,59,13.0,1
STU_12260,15,66,45,59,0.7,1
STU_12261,16,41,34,46,5.0,0
STU_12262,16,43,40,62,4.3,0
STU_12263,19,63,26,43,10.0,0
STU_12264,19,67,63,54,12.0,1
STU_12265,15,55,46,55,9.9,1
STU_12266,15,41,47,57,8.6,0
STU_12267,19,77,61,56,13.5,1
STU_12268,14,64,38,72,12.4,1
STU_12269,16,47,47,65,5.2,1
STU_12270,18,38,53,49,5.6,0
STU_12271,15,57,59,52,12.0,1
STU_12272,15,31,47,47,7.8,0
STU_12273,19,57,51,65,8.1,1
STU_12274,17,61,51,47,8.7,1
STU_12275,18,41,49,31,2.1,0
STU_12276,18,35,59,36,5.1,0
STU_12277,15,58,51,64,10.5,1
STU_12278,14,52,48,35,5.0,0
STU_12279,17,40,42,48,6.9,0
STU_12280,18,63,59,58,10.5,1
STU_12281,15,65,65,42,13.9,1
STU_12282,18,59,60,63,14.9,1
STU_12283,17,57,68,58,15.4,1
STU_12284,17,46,50,32,7.3,0
STU_12285,16,38,48,55,6.8,0
STU_12286,19,44,35,53,3.5,0
STU_12287,19,72,68,66,17.5,1
STU_12288,15,59,43,58,6.7,1
STU_12289,17,69,74,67,17.3,1
STU_12290,16,56,45,63,9.5,1
STU_12291,16,58,64,50,14.3,1
STU_12292,18,40,48,38,7.6,0
STU_12293,18,51,58,44,11.1,1
STU_12294,16,76,61,52,14.6,1
STU_12295,18,52,39,74,5.8,1
STU_12296,17,67,74,53,15.4,1
STU_12297,14,24,35,44,3.9,0
STU_12298,17,75,77,65,20.3,1
STU_12299,16,37,35,51,8.7,0
STU_12300,16,32,43,71,5.1,0
STU_12301,17,46,74,40,12.7,1
STU_12302,18,45,51,80,9.7,1
STU_12303,18,47,42,49,2.2,0
STU_12304,19,48,64,62,6.2,1
STU_12305,16,33,43,50,4.0,0
STU_12306,15,37,47,59,4.3,0
STU_12307,19,48,51,39,4.2,0
STU_12308,18,61,41,42,10.8,0
STU_12309,17,60,54,88,13.2,1
STU_12310,18,32,47,71,4.8,0
STU_12311,17,34,25,35,1.8,0
STU_12312,19,61,53,54,1.1,1
STU_12313,16,64,82,83,23.0,1
STU_12314,18,55,58,62,8.8,1
STU_12315,17,79,72,57,12.7,1
STU_12316,16,45,57,75,7.1,1
STU_12317,15,56,38,54,1.5,0
STU_12318,17,46,38,46,10.2,0
STU_12319,19,50,62,62,19.1,1
STU_12320,15,39,40,39,5.3,0
STU_12321,15,30,46,45,1.3,0
STU_12322,14,25,44,47,3.5,0
STU_12323,18,54,43,68,13.1,1
STU_12324,17,62,62,64,9.7,1
STU_12325,15,57,76,66,15.5,1
STU_12326,14,46,66,58,8.0,1
STU_12327,19,70,46,69,11.8,1
STU_12328,16,38,51,49,6.1,0
STU_12329,17,48,34,23,3.7,0
STU_12330,15,39,76,81,11.9,1
STU_12331,18,49,59,50,13.2,1
STU_12332,14,43,43,59,5.4,0
STU_12333,15,80,62,61,18.2,1
STU_12334,18,59,71,81,18.4,1
STU_12335,15,33,50,39,4.2,0
STU_12336,17,45,28,42,4.3,0
STU_12337,17,47,59,44,4.5,1
STU_12338,17,38,55,59,7.4,1
STU_12339,19,41,62,54,6.3,1
STU_12340,19,52,60,55,3.2,1
STU_12341,14,31,44,51,4.6,0
STU_12342,17,41,49,57,1.5,0
STU_12343,18,33,35,57,1.7,0
STU_12344,15,54,38,65,2.7,1
STU_12345,16,81,89,73,22.3,1
STU_12346,18,81,64,72,20.8,1
STU_12347,19,52,60,78,12.3,1
STU_12348,19,53,38,64,5.4,1
STU_12349,18,48,36,54,2.7,0
STU_12350,19,54,46,38,7.9,0
STU_12351,17,51,69,38,10.4,1
STU_12352,14,45,51,57,4.9,1
STU_12353,15,34,62,63,10.0,0
STU_12354,14,59,26,41,3.5,0
STU_12355,15,39,47,55,5.5,0
STU_12356,15,44,45,42,6.8,0
STU_12357,14,60,77,75,21.1,1
STU_12358,18,50,69,57,4.5,1
STU_12359,15,59,31,63,10.3,0
STU_12360,14,39,49,53,4.1,0
STU_12361,15,18,66,46,3.7,0
STU_12362,16,37,41,48,4.8,0
STU_12363,18,54,52,67,8.1,1
STU_12364,17,73,76,71,19.5,1
STU_12365,15,44,25,56,5.3,0
STU_12366,16,55,62,61,13.3,1
STU_12367,17,58,65,76,21.7,1
STU_12368,17,61,73,66,9.3,1
STU_12369,15,47,59,54,14.7,1
STU_12370,14,41,38,57,4.7,0
STU_12371,15,43,63,54,10.2,1
STU_12372,16,66,62,61,11.7,1
STU_12373,17,46,52,57,3.0,1
STU_12374,15,39,64,34,4.4,0
STU_12375,14,54,43,40,6.6,0
STU_12376,15,29,63,43,4.9,0
STU_12377,18,47,68,45,7.1,1
STU_12378,14,29,35,46,2.7,0
STU_12379,16,82,64,86,20.5,1
STU_12380,17,64,61,73,14.0,1
STU_12381,15,100,92,77,35.0,1
STU_12382,14,35,60,58,3.3,1
STU_12383,18,61,46,56,10.4,1
STU_12384,14,33,48,54,5.0,0
STU_12385,19,32,36,38,3.7,0
STU_12386,18,58,61,45,13.6,1
STU_12387,16,41,73,62,8.3,1
STU_12388,17,53,66,52,6.3,1
STU_12389,16,47,57,61,9.5,1
STU_12390,15,32,51,67,4.5,0
STU_12391,14,31,50,47,4.4,0
STU_12392,19,51,43,48,5.1,0
STU_12393,18,37,81,81,15.2,1
STU_12394,18,51,74,61,14.5,1
STU_12395,14,55,45,40,3.2,0
STU_12396,19,68,68,75,20.0,1
STU_12397,14,56,49,51,7.8,1
STU_12398,15,58,58,47,10.3,1
STU_12399,16,42,46,51,5.0,0
STU_12400,18,33,62,63,8.1,0
STU_12401,15,28,49,36,3.6,0
STU_12402,16,30,36,37,4.7,0
STU_12403,15,63,47,58,12.9,1
STU_12404,19,65,69,47,13.1,1
STU_12405,18,45,43,43,10.6,0
STU_12406,14,45,44,52,6.1,0
STU_12407,14,41,39,61,3.2,0
STU_12408,16,65,52,71,16.2,1
STU_12409,17,52,63,59,13.7,1
STU_12410,19,55,40,61,2.0,1
STU_12411,16,66,53,79,13.3,1
STU_12412,17,47,69,57,6.3,1
STU_12413,15,51,33,54,12.0,0
STU_12414,19,32,34,65,2.8,0
STU_12415,15,48,41,67,5.2,1
STU_12416,18,46,38,57,8.5,0
STU_12417,19,73,93,81,20.5,1
STU_12418,17,31,74,46,8.5,0
STU_12419,18,56,55,39,14.8,1
STU_12420,14,50,65,44,9.2,1
STU_12421,17,61,58,57,9.0,1
STU_12422,16,45,72,56,10.9,1
STU_12423,14,34,49,64,7.7,0
STU_12424,14,62,63,43,12.8,1
STU_12425,16,41,58,33,3.8,0
STU_12426,19,32,63,62,7.8,0
STU_12427,14,57,74,53,21.5,1
STU_12428,17,56,53,59,15.2,1
STU_12429,18,52,46,56,9.7,1
STU_12430,14,74,42,53,14.0,1
STU_12431,17,57,75,71,18.3,1
STU_12432,15,43,43,24,1.7,0
STU_12433,17,27,52,73,6.7,0
STU_12434,18,48,46,47,5.1,0
STU_12435,17,55,31,46,2.9,0
STU_12436,16,78,78,100,23.2,1
STU_12437,18,48,62,42,11.2,1
STU_12438,19,72,51,49,13.7,1
STU_12439,15,48,46,66,5.3,1
STU_12440,16,48,42,35,6.6,0
STU_12441,19,39,49,59,8.0,0
STU_12442,17,57,43,49,10.1,0
STU_12443,18,51,55,41,12.5,0
STU_12444,15,42,58,53,2.1,1
STU_12445,16,57,52,64,12.0,1
STU_12446,19,58,42,53,6.9,1
STU_12447,19,63,62,88,18.7,1
STU_12448,15,63,63,55,16.6,1
STU_12449,17,60,71,65,9.5,1
STU_12450,15,47,65,58,8.2,1
STU_12451,19,47,47,63,6.6,1
STU_12452,14,49,48,51,10.2,0
STU_12453,16,62,46,47,16.1,1
STU_12454,15,57,42,47,8.3,0
STU_12455,19,63,27,50,5.6,0
STU_12456,17,33,59,62,8.2,0
STU_12457,19,40,67,56,9.6,1
STU_12458,17,40,40,51,3.7,0
STU_12459,15,41,47,67,3.0,1
STU_12460,17,43,36,51,5.7,0
STU_12461,18,63,49,60,18.7,1
STU_12462,18,51,64,67,15.6,1
STU_12463,18,33,46,29,2.5,0
STU_12464,14,51,62,31,4.2,0
STU_12465,15,58,78,57,12.4,1
STU_12466,19,53,45,41,6.1,0
STU_12467,19,42,64,50,10.5,1
STU_12468,14,54,45,58,2.6,1
STU_12469,17,44,51,60,8.1,1
STU_12470,14,53,50,53,7.6,1
STU_12471,17,58,58,61,13.7,1
STU_12472,17,48,53,51,10.1,1
STU_12473,16,55,68,64,8.7,1
STU_12474,19,45,44,56,2.2,0
STU_12475,18,100,90,80,21.9,1
STU_12476,17,63,48,68,11.9,1
STU_12477,16,50,18,51,5.0,0
STU_12478,19,62,47,47,8.6,1
STU_12479,18,52,40,50,6.3,0
STU_12480,17,47,34,54,7.0,0
STU_12481,17,66,76,55,15.5,1
STU_12482,14,51,31,68,4.2,0
STU_12483,14,71,63,76,12.1,1
STU_12484,19,49,84,61,15.9,1
STU_12485,18,36,44,69,11.1,0
STU_12486,17,62,47,59,7.3,1
STU_12487,19,36,59,45,4.8,0
STU_12488,19,28,42,55,5.2,0
STU_12489,15,33,55,46,8.7,0
STU_12490,14,68,58,44,8.3,1
STU_12491,18,67,61,65,13.0,1
STU_12492,17,32,38,53,2.8,0
STU_12493,19,55,55,92,15.4,1
STU_12494,17,90,75,76,30.0,1
STU_12495,15,57,56,48,7.7,1
STU_12496,18,45,43,63,7.0,1
STU_12497,19,40,62,53,7.4,1
STU_12498,17,62,67,47,8.5,1
STU_12499,14,47,37,46,6.6,0
STU_12500,15,36,48,45,1.8,0
STU_12501,18,54,70,65,7.3,1
STU_12502,15,29,44,59,8.8,0
STU_12503,14,69,76,54,16.3,1
STU_12504,18,47,50,70,4.2,1
STU_12505,15,57,80,57,20.0,1
STU_12506,16,27,41,44,6.3,0
STU_12507,14,37,64,63,4.5,1
STU_12508,14,58,50,75,11.9,1
STU_12509,14,48,54,55,5.9,1
STU_12510,16,66,50,39,7.8,1
STU_12511,16,51,56,55,8.1,1
STU_12512,17,42,47,43,11.5,0
STU_12513,19,46,38,81,7.6,1
STU_12514,15,35,52,56,7.1,0
STU_12515,17,44,44,61,6.2,0
STU_12516,15,69,51,53,10.8,1
STU_12517,19,50,53,71,5.7,1
STU_12518,16,58,50,58,16.6,1
STU_12519,19,56,63,45,8.2,1
STU_12520,16,31,43,51,2.3,0
STU_12521,19,25,61,65,9.6,0
STU_12522,17,42,60,80,10.6,1
STU_12523,18,70,71,81,16.7,1
STU_12524,17,52,34,64,4.9,0
STU_12525,15,60,57,42,4.4,1
STU_12526,17,59,59,50,11.7,1
STU_12527,14,76,58,52,15.2,1
STU_12528,15,50,44,49,4.8,0
STU_12529,19,61,57,34,9.4,0
STU_12530,15,60,52,68,7.7,1
STU_12531,18,49,52,39,4.9,0
STU_12532,16,59,66,41,7.4,1
STU_12533,19,54,51,57,14.6,1
STU_12534,15,25,59,39,8.2,0
STU_12535,19,54,48,60,7.2,1
STU_12536,19,59,68,47,11.3,1
STU_12537,19,54,79,67,15.3,1
STU_12538,16,30,47,60,4.1,0
STU_12539,17,54,60,50,9.6,1
STU_12540,19,54,60,44,6.4,1
STU_12541,14,55,61,45,8.2,1
STU_12542,18,46,70,46,11.9,1
STU_12543,16,39,46,48,6.7,0
STU_12544,15,55,45,54,7.6,1
STU_12545,16,61,49,45,13.9,1
STU_12546,15,64,53,49,10.4,1
STU_12547,16,45,49,55,7.5,0
STU_12548,15,58,50,55,8.7,1
STU_12549,19,50,56,25,8.3,0
STU_12550,17,32,47,54,2.1,0
STU_12551,15,60,51,68,8.8,1
STU_12552,15,31,47,42,3.3,0
STU_12553,14,63,70,43,15.1,1
STU_12554,15,43,35,40,3.2,0
STU_12555,14,45,57,43,6.2,0
STU_12556,18,55,41,64,5.4,1
STU_12557,19,74,82,53,18.3,1
STU_12558,14,66,63,57,14.7,1
STU_12559,17,38,41,65,1.2,0
STU_12560,19,68,33,55,7.9,0
STU_12561,14,56,50,51,3.7,1
STU_12562,19,60,53,54,8.8,1
STU_12563,19,64,58,69,11.7,1
STU_12564,19,46,52,60,9.3,1
STU_12565,18,56,64,79,12.1,1
STU_12566,17,54,57,74,6.8,1
STU_12567,16,62,58,59,9.4,1
STU_12568,16,65,70,58,11.9,1
STU_12569,14,52,40,53,6.0,0
STU_12570,19,63,39,44,4.5,0
STU_12571,14,43,50,52,5.2,0
STU_12572,18,58,56,37,7.4,1
STU_12573,18,58,56,46,8.1,1
STU_12574,15,57,41,64,9.8,1
STU_12575,18,49,34,56,4.9,0
STU_12576,15,61,56,57,12.1,1
STU_12577,17,65,53,72,20.6,1
STU_12578,14,49,49,68,5.5,1
STU_12579,17,91,80,70,27.0,1
STU_12580,18,78,64,54,22.2,1
STU_12581,17,31,45,61,8.1,0
STU_12582,17,32,51,59,7.3,0
STU_12583,17,36,31,59,5.2,0
STU_12584,18,57,53,46,13.1,1
STU_12585,19,42,49,38,8.4,0
STU_12586,17,57,49,58,8.9,1
STU_12587,15,55,43,52,4.6,1
STU_12588,18,72,73,56,13.3,1
STU_12589,17,51,59,69,6.9,1
STU_12590,19,53,38,49,3.9,0
STU_12591,18,43,40,67,7.7,1
STU_12592,16,42,42,60,4.8,0
STU_12593,19,53,77,51,16.7,1
STU_12594,15,87,52,59,22.0,1
STU_12595,17,69,51,39,7.8,1
STU_12596,16,58,58,66,14.5,1
STU_12597,16,39,73,62,14.3,1
STU_12598,18,26,49,60,0.5,0
STU_12599,16,38,32,57,5.3,0
STU_12600,15,37,64,40,8.6,0
STU_12601,15,36,24,47,6.1,0
STU_12602,14,46,52,27,5.0,0
STU_12603,15,68,69,65,14.8,1
STU_12604,19,25,64,82,6.0,0
STU_12605,16,47,56,57,9.8,1
STU_12606,15,61,54,63,14.1,1
STU_12607,18,55,56,64,17.3,1
STU_12608,14,44,59,53,3.9,1
STU_12609,16,41,62,48,4.1,1
STU_12610,14,47,48,62,9.1,1
STU_12611,16,30,41,38,1.8,0
STU_12612,18,45,59,42,4.3,0
STU_12613,14,56,71,48,15.8,1
STU_12614,17,38,55,57,11.5,1
STU_12615,19,49,42,41,7.4,0
STU_12616,19,42,47,73,10.6,1
STU_12617,16,40,67,53,12.0,1
STU_12618,17,42,39,27,3.0,0
STU_12619,14,44,43,39,5.9,0
STU_12620,17,57,71,65,17.0,1
STU_12621,17,54,54,62,9.2,1
STU_12622,14,57,57,59,9.6,1
STU_12623,18,51,47,45,7.8,0
STU_12624,17,41,38,41,2.1,0
STU_12625,17,29,39,43,5.4,0
STU_12626,18,66,61,62,10.2,1
STU_12627,17,51,48,53,6.0,1
STU_12628,17,33,47,44,4.0,0
STU_12629,17,43,35,42,4.3,0
STU_12630,19,68,72,58,17.2,1
STU_12631,15,45,50,51,5.8,0
STU_12632,18,80,70,77,15.3,1
STU_12633,17,33,57,58,9.6,0
STU_12634,19,33,52,49,6.9,0
STU_12635,18,21,27,46,4.8,0
STU_12636,16,57,68,77,11.7,1
STU_12637,16,66,48,70,14.2,1
STU_12638,17,61,68,69,12.4,1
STU_12639,19,38,42,57,3.2,0
STU_12640,19,50,31,51,5.8,0
STU_12641,18,43,47,65,6.2,1
STU_12642,18,46,26,31,1.8,0
STU_12643,19,65,66,74,10.5,1
STU_12644,18,46,51,66,11.4,1
STU_12645,19,52,45,63,11.1,1
STU_12646,15,52,61,48,10.1,1
STU_12647,19,61,48,63,6.6,1
STU_12648,16,35,51,63,4.7,0
STU_12649,18,58,47,44,6.5,0
STU_12650,19,38,65,48,9.6,1
STU_12651,19,76,60,51,16.1,1
STU_12652,18,59,36,60,8.4,1
STU_12653,15,48,40,53,8.2,0
STU_12654,15,48,46,71,2.0,1
STU_12655,18,48,47,39,10.0,0
STU_12656,14,56,78,54,16.7,1
STU_12657,18,66,38,53,7.5,1
STU_12658,18,42,60,60,7.1,1
STU_12659,15,53,44,59,6.3,1
STU_12660,15,68,70,59,11.9,1
STU_12661,18,46,46,51,1.9,0
STU_12662,18,69,64,63,15.3,1
STU_12663,18,54,56,64,6.9,1
STU_12664,15,64,66,50,10.1,1
STU_12665,18,61,57,54,12.5,1
STU_12666,18,42,26,57,4.3,0
STU_12667,17,36,63,71,7.9,1
STU_12668,14,50,46,46,6.8,0
STU_12669,16,52,69,52,3.6,1
STU_12670,14,50,55,56,14.2,1
STU_12671,17,44,45,58,6.5,0
STU_12672,16,46,51,31,3.5,0
STU_12673,18,65,59,50,8.2,1
STU_12674,17,29,47,42,2.9,0
STU_12675,18,54,42,48,6.0,0
STU_12676,15,49,42,28,9.5,0
STU_12677,19,33,35,70,2.6,0
STU_12678,17,47,41,30,11.5,0
STU_12679,15,44,72,60,8.5,1
STU_12680,17,62,48,45,12.5,1
STU_12681,17,55,55,45,12.4,1
STU_12682,15,53,54,53,5.9,1
STU_12683,16,35,48,59,6.0,0
STU_12684,14,61,49,45,10.6,1
STU_12685,18,46,43,37,3.9,0
STU_12686,17,27,38,35,3.9,0
STU_12687,18,60,44,53,5.3,1
STU_12688,19,44,47,37,3.0,0
STU_12689,15,49,33,63,3.5,0
STU_12690,18,53,55,36,3.6,0
STU_12691,15,56,49,58,6.5,1
STU_12692,18,45,42,69,6.3,1
STU_12693,14,67,57,61,13.6,1
STU_12694,14,29,60,33,6.6,0
STU_12695,14,52,58,58,7.5,1
STU_12696,14,88,72,64,19.8,1
STU_12697,14,30,34,46,1.3,0
STU_12698,14,60,58,72,9.0,1
STU_12699,15,65,49,53,6.9,1
STU_12700,17,59,71,61,9.5,1
STU_12701,18,55,47,44,5.6,0
STU_12702,14,31,65,49,6.6,0
STU_12703,15,54,65,75,15.7,1
STU_12704,15,68,44,58,10.5,1
STU_12705,15,57,82,56,6.8,1
STU_12706,17,49,31,61,4.8,0
STU_12707,18,39,24,67,3.9,0
STU_12708,17,48,27,39,5.8,0
STU_12709,16,65,77,48,7.2,1
STU_12710,15,70,91,83,19.8,1
STU_12711,16,57,53,76,8.6,1
STU_12712,19,51,51,48,5.2,1
STU_12713,14,31,43,49,1.3,0
STU_12714,14,38,28,54,4.7,0
STU_12715,17,61,62,54,5.8,1
STU_12716,18,57,66,58,9.1,1
STU_12717,16,39,35,67,5.9,0
STU_12718,18,68,74,48,20.3,1
STU_12719,17,37,48,45,6.8,0
STU_12720,14,71,58,67,13.9,1
STU_12721,18,37,35,42,2.5,0
STU_12722,18,46,49,57,7.6,1
STU_12723,14,52,40,62,4.7,1
STU_12724,16,44,71,78,14.1,1
STU_12725,14,46,48,55,6.2,0
STU_12726,18,64,57,79,15.9,1
STU_12727,16,53,56,59,11.4,1
STU_12728,16,40,46,48,5.7,0
STU_12729,14,35,42,32,3.8,0
STU_12730,18,47,53,39,4.9,0
STU_12731,17,37,46,52,6.6,0
STU_12732,18,57,51,58,11.4,1
STU_12733,15,44,37,56,7.8,0
STU_12734,19,53,58,79,12.6,1
STU_12735,17,67,77,72,16.6,1
STU_12736,16,45,50,63,8.1,1
STU_12737,17,55,40,70,4.1,1
STU_12738,16,51,46,52,9.8,0
STU_12739,16,84,55,63,21.5,1
STU_12740,17,51,71,73,13.0,1
STU_12741,16,44,58,61,9.4,1
STU_12742,16,26,53,49,4.5,0
STU_12743,15,43,52,52,7.0,0
STU_12744,18,37,34,46,2.6,0
STU_12745,18,42,41,48,3.6,0
STU_12746,19,60,49,56,9.9,1
STU_12747,19,45,37,44,2.2,0
STU_12748,15,58,44,58,6.4,1
STU_12749,19,32,54,57,3.4,0
STU_12750,17,42,64,43,3.8,0
STU_12751,14,40,42,64,8.1,0
STU_12752,14,48,44,36,4.9,0
STU_12753,14,58,45,54,2.9,1
STU_12754,15,33,37,57,5.6,0
STU_12755,15,47,43,47,2.8,0
STU_12756,16,73,66,63,15.4,1
STU_12757,14,47,56,55,11.7,1
STU_12758,17,60,63,52,11.7,1
STU_12759,19,40,45,50,4.6,0
STU_12760,17,52,26,50,10.1,0
STU_12761,19,47,43,67,8.9,1
STU_12762,14,41,60,27,4.8,0
STU_12763,14,60,55,52,7.5,1
STU_12764,14,39,13,27,2.5,0
STU_12765,15,36,29,38,3.9,0
STU_12766,19,49,57,47,7.4,1
STU_12767,15,24,42,66,5.8,0
STU_12768,15,44,26,68,9.6,0
STU_12769,18,56,56,51,4.9,1
STU_12770,17,45,55,53,6.3,1
STU_12771,17,44,42,65,7.8,1
STU_12772,16,45,58,63,4.7,1
STU_12773,15,54,40,45,6.2,0
STU_12774,19,64,46,62,8.8,1
STU_12775,18,63,62,54,17.8,1
STU_12776,18,39,27,46,4.7,0
STU_12777,17,43,51,58,5.8,1
STU_12778,15,69,64,52,12.9,1
STU_12779,16,62,57,57,14.7,1
STU_12780,15,76,62,39,10.7,1
STU_12781,14,59,45,66,14.5,1
STU_12782,15,61,52,40,4.5,1
STU_12783,14,51,63,51,13.7,1
STU_12784,14,43,50,73,12.0,1
STU_12785,16,41,48,42,3.7,0
STU_12786,19,58,39,60,6.4,1
STU_12787,17,33,51,59,1.5,0
STU_12788,15,44,57,64,8.4,1
STU_12789,14,70,63,57,13.6,1
STU_12790,15,52,42,46,5.6,0
STU_12791,19,34,52,39,4.0,0
STU_12792,17,34,56,30,3.9,0
STU_12793,19,57,66,62,7.7,1
STU_12794,17,38,50,64,10.6,1
STU_12795,18,78,75,70,18.0,1
STU_12796,17,44,54,15,1.4,0
STU_12797,16,42,62,62,16.8,1
STU_12798,19,51,66,61,8.7,1
STU_12799,14,39,61,74,13.2,1
STU_12800,18,44,46,61,11.6,1
STU_12801,16,44,44,56,8.0,0
STU_12802,15,36,36,46,7.8,0
STU_12803,19,75,53,60,9.8,1
STU_12804,14,56,47,50,6.7,1
STU_12805,17,61,51,45,7.0,1
STU_12806,14,53,69,44,10.9,1
STU_12807,15,44,45,40,4.7,0
STU_12808,18,76,58,64,13.9,1
STU_12809,18,63,57,44,13.3,1
STU_12810,19,52,29,48,5.8,0
STU_12811,18,46,62,71,11.0,1
STU_12812,19,44,53,40,10.2,0
STU_12813,19,47,47,56,5.4,1
STU_12814,19,59,54,64,11.4,1
STU_12815,17,57,67,61,17.5,1
STU_12816,16,64,48,67,14.2,1
STU_12817,19,28,43,46,2.9,0
STU_12818,19,54,49,65,10.4,1
STU_12819,16,44,59,47,12.9,1
STU_12820,14,58,36,71,5.2,1
STU_12821,19,57,65,76,13.9,1
STU_12822,17,37,46,26,4.8,0
STU_12823,18,35,36,65,6.6,0
STU_12824,18,31,55,44,4.9,0
STU_12825,15,47,40,66,4.4,1
STU_12826,15,62,50,67,9.7,1
STU_12827,18,50,51,36,3.1,0
STU_12828,18,61,60,59,6.8,1
STU_12829,17,70,49,48,9.7,1
STU_12830,16,54,47,56,5.0,1
STU_12831,15,58,69,62,15.3,1
STU_12832,16,50,62,45,7.2,1
STU_12833,17,47,69,51,19.0,1
STU_12834,18,46,47,51,2.8,0
STU_12835,19,54,45,61,10.0,1
STU_12836,16,67,37,53,8.8,1
STU_12837,18,39,53,43,6.2,0
STU_12838,18,55,43,48,8.0,0
STU_12839,14,44,46,45,10.8,0
STU_12840,16,55,64,66,12.0,1
STU_12841,19,32,48,29,7.3,0
STU_12842,16,67,56,66,10.0,1
STU_12843,18,54,33,49,4.7,0
STU_12844,19,52,48,64,12.1,1
STU_12845,17,68,81,70,16.9,1
STU_12846,14,58,52,60,12.7,1
STU_12847,18,38,44,46,4.9,0
STU_12848,15,44,47,62,4.2,1
STU_12849,15,77,68,54,25.6,1
STU_12850,14,74,78,77,16.3,1
STU_12851,17,54,57,46,12.0,1
STU_12852,18,91,64,61,17.6,1
STU_12853,16,48,61,69,7.9,1
STU_12854,14,58,66,83,11.9,1
STU_12855,17,68,82,64,15.2,1
STU_12856,16,55,44,37,6.7,0
STU_12857,15,54,77,66,10.4,1
STU_12858,15,66,67,60,14.3,1
STU_12859,16,44,61,38,4.0,0
STU_12860,14,39,58,54,6.3,1
STU_12861,15,50,54,46,14.1,1
STU_12862,18,58,44,57,9.0,1
STU_12863,19,65,33,44,8.3,0
STU_12864,16,33,30,32,7.7,0
STU_12865,16,47,56,43,14.9,0
STU_12866,15,28,58,43,4.3,0
STU_12867,14,54,43,57,6.0,1
STU_12868,18,49,36,62,3.1,0
STU_12869,14,37,55,68,6.5,1
STU_12870,17,73,43,38,8.7,1
STU_12871,17,35,60,45,2.0,0
STU_12872,19,58,43,43,4.7,0
STU_12873,15,59,62,54,9.0,1
STU_12874,15,44,52,72,10.3,1
STU_12875,15,66,70,69,19.8,1
STU_12876,19,46,67,67,11.2,1
STU_12877,17,35,52,77,7.2,1
STU_12878,14,48,67,37,8.6,1
STU_12879,19,39,44,49,8.8,0
STU_12880,19,44,35,58,6.0,0
STU_12881,14,71,35,58,9.2,1
STU_12882,15,52,60,63,5.8,1
STU_12883,18,47,62,51,9.5,1
STU_12884,14,42,48,56,7.7,0
STU_12885,17,44,52,44,7.0,0
STU_12886,16,68,60,65,7.1,1
STU_12887,16,46,56,59,12.2,1
STU_12888,19,56,39,73,11.6,1
STU_12889,16,52,31,68,6.7,0
STU_12890,18,69,46,44,12.0,1
STU_12891,15,45,51,71,7.6,1
STU_12892,17,39,41,64,7.7,0
STU_12893,18,49,58,50,6.0,1
STU_12894,17,82,55,75,18.6,1
STU_12895,17,64,59,59,17.5,1
STU_12896,15,36,28,66,5.2,0
STU_12897,19,48,44,53,6.5,0
STU_12898,16,37,54,66,9.9,1
STU_12899,15,53,66,50,11.0,1
STU_12900,18,54,46,52,4.0,1
STU_12901,19,52,53,60,4.5,1
STU_12902,18,35,49,49,0.6,0
STU_12903,19,71,60,63,11.0,1
STU_12904,18,59,34,40,2.9,0
STU_12905,15,51,50,54,5.2,1
STU_12906,19,44,74,51,13.0,1
STU_12907,19,39,55,59,12.7,1
STU_12908,17,81,73,59,18.1,1
STU_12909,17,76,78,66,21.4,1
STU_12910,14,100,84,60,31.3,1
STU_12911,18,33,58,52,6.4,0
STU_12912,17,43,43,50,5.5,0
STU_12913,14,63,59,39,10.1,1
STU_12914,17,33,41,52,3.1,0
STU_12915,18,58,49,62,6.9,1
STU_12916,19,49,61,58,8.7,1
STU_12917,16,54,35,65,10.6,1
STU_12918,18,43,62,52,11.2,1
STU_12919,15,50,56,50,6.8,1
STU_12920,17,63,38,50,3.5,1
STU_12921,17,46,44,51,4.0,0
STU_12922,19,30,31,21,1.8,0
STU_12923,15,59,39,41,5.6,0
STU_12924,19,33,46,59,3.1,0
STU_12925,15,63,74,43,5.8,1
STU_12926,16,40,61,53,10.1,1
STU_12927,17,44,35,48,3.5,0
STU_12928,17,65,59,39,8.4,1
STU_12929,16,38,55,70,6.7,1
STU_12930,14,53,36,55,9.8,0
STU_12931,19,67,53,48,11.1,1
STU_12932,16,24,47,59,6.5,0
STU_12933,19,59,52,51,8.0,1
STU_12934,18,46,48,53,6.7,0
STU_12935,17,60,49,67,6.0,1
STU_12936,19,36,37,45,5.1,0
STU_12937,15,40,52,69,10.5,1
STU_12938,19,59,61,59,16.3,1
STU_12939,18,57,74,62,15.2,1
STU_12940,17,39,36,52,3.3,0
STU_12941,16,59,61,59,16.1,1
STU_12942,18,23,41,39,4.3,0
STU_12943,17,50,68,60,8.7,1
STU_12944,19,55,60,68,9.6,1
STU_12945,14,38,33,55,2.7,0
STU_12946,14,51,53,59,7.2,1
STU_12947,15,66,55,58,16.7,1
STU_12948,17,24,43,54,1.3,0
STU_12949,14,80,94,78,26.7,1
STU_12950,16,39,21,56,1.7,0
STU_12951,17,50,43,57,9.5,1
STU_12952,16,25,44,55,2.8,0
STU_12953,16,66,51,51,10.4,1
STU_12954,14,52,64,69,14.8,1
STU_12955,17,45,57,45,12.6,0
STU_12956,19,60,43,56,13.8,1
STU_12957,18,44,55,45,6.7,0
STU_12958,14,46,29,87,2.9,0
STU_12959,14,74,67,70,16.6,1
STU_12960,19,84,71,59,23.3,1
STU_12961,17,50,76,39,8.5,1
STU_12962,17,52,47,33,6.3,0
STU_12963,16,28,49,38,4.8,0
STU_12964,19,68,63,49,12.2,1
STU_12965,19,57,64,50,14.2,1
STU_12966,17,66,48,47,6.3,1
STU_12967,16,80,58,75,18.7,1
STU_12968,14,54,55,56,11.6,1
STU_12969,15,50,33,62,8.4,0
STU_12970,18,64,58,44,9.7,1
STU_12971,14,20,74,45,4.1,0
STU_12972,17,55,59,48,12.1,1
STU_12973,18,60,48,55,4.3,1
STU_12974,15,54,32,49,5.8,0
STU_12975,15,40,42,73,7.6,1
STU_12976,16,76,81,61,21.3,1
STU_12977,18,42,38,44,9.2,0
STU_12978,16,40,38,53,4.5,0
STU_12979,14,56,59,54,9.7,1
STU_12980,19,60,64,63,11.2,1
STU_12981,19,70,62,61,15.5,1
STU_12982,19,62,52,52,7.9,1
STU_12983,18,32,47,43,5.0,0
STU_12984,19,79,65,69,24.4,1
STU_12985,14,44,53,39,9.7,0
STU_12986,16,39,48,63,4.6,1
STU_12987,18,41,50,68,7.8,1
STU_12988,16,50,28,62,5.8,0
STU_12989,18,74,79,58,16.0,1
STU_12990,16,66,45,50,11.1,1
STU_12991,15,36,49,58,6.6,0
STU_12992,16,59,64,50,14.2,1
STU_12993,19,37,45,66,7.5,0
STU_12994,15,37,53,27,7.7,0
STU_12995,16,37,38,45,4.9,0
STU_12996,18,47,67,39,4.9,1
STU_12997,18,82,73,85,23.5,1
STU_12998,18,66,69,72,13.8,1
STU_12999,17,45,30,53,2.0,0
STU_13000,14,34,52,71,4.2,0
STU_13001,18,53,37,49,3.6,0
STU_13002,15,58,37,61,8.3,1
STU_13003,18,42,37,34,6.1,0
STU_13004,17,63,58,61,17.8,1
STU_13005,19,40,50,53,6.5,0
STU_13006,15,62,100,59,22.2,1
STU_13007,17,55,78,56,7.6,1
STU_13008,19,88,75,51,24.9,1
STU_13009,15,38,59,58,7.0,1
STU_13010,16,35,37,48,7.1,0
STU_13011,14,50,39,51,13.6,0
STU_13012,14,59,58,67,12.5,1
STU_13013,17,27,49,65,3.2,0
STU_13014,19,61,59,64,8.4,1
STU_13015,14,57,59,43,6.1,1
STU_13016,19,50,44,59,5.8,1
STU_13017,19,58,52,51,8.4,1
STU_13018,17,48,57,65,6.7,1
STU_13019,17,56,64,57,8.9,1
STU_13020,17,29,35,33,4.1,0
STU_13021,14,54,44,45,2.7,0
STU_13022,17,55,67,51,13.9,1
STU_13023,14,61,64,53,15.2,1
STU_13024,17,84,53,56,13.4,1
STU_13025,18,48,51,57,8.2,1
STU_13026,19,54,54,62,6.4,1
STU_13027,17,50,39,45,5.3,0
STU_13028,15,30,34,64,4.7,0
STU_13029,19,39,71,35,7.6,0
STU_13030,19,82,64,52,15.0,1
STU_13031,17,50,55,73,5.0,1
STU_13032,16,62,64,49,15.0,1
STU_13033,17,35,53,62,2.8,1
STU_13034,19,55,54,55,9.2,1
STU_13035,15,58,61,56,10.4,1
STU_13036,19,48,36,62,5.7,0
STU_13037,15,53,27,58,3.9,0
STU_13038,14,50,54,74,12.9,1
STU_13039,18,40,37,51,8.2,0
STU_13040,19,98,63,79,29.1,1
STU_13041,17,83,65,59,15.1,1
STU_13042,14,71,45,49,15.2,1
STU_13043,18,50,49,48,1.1,0
STU_13044,17,43,61,49,5.1,1
STU_13045,16,44,29,28,3.6,0
STU_13046,17,41,44,59,1.7,0
STU_13047,15,48,69,55,7.8,1
STU_13048,15,72,54,51,12.7,1
STU_13049,16,54,51,53,4.1,1
STU_13050,14,34,65,41,1.8,0
STU_13051,18,26,28,52,4.4,0
STU_13052,17,47,39,68,7.2,1
STU_13053,15,36,55,57,6.9,0
STU_13054,14,50,73,49,8.1,1
STU_13055,16,43,47,45,10.2,0
STU_13056,19,62,75,46,7.9,1
STU_13057,15,65,60,68,13.1,1
STU_13058,16,49,25,49,4.2,0
STU_13059,17,58,65,59,6.7,1
STU_13060,18,59,51,54,11.2,1
STU_13061,15,58,58,45,9.5,1
STU_13062,15,87,55,74,20.8,1
STU_13063,17,41,37,41,4.3,0
STU_13064,19,61,41,53,11.3,1
STU_13065,14,34,30,37,5.3,0
STU_13066,18,45,47,40,4.9,0
STU_13067,15,84,67,71,14.6,1
STU_13068,18,57,45,65,7.9,1
STU_13069,15,51,39,67,9.4,1
STU_13070,18,48,34,63,5.6,0
STU_13071,16,45,51,47,5.8,0
STU_13072,15,42,43,55,2.6,0
STU_13073,18,47,56,66,8.9,1
STU_13074,14,47,60,40,3.9,0
STU_13075,16,53,55,55,7.3,1
STU_13076,16,59,63,58,13.1,1
STU_13077,14,40,65,27,2.1,0
STU_13078,18,99,89,85,33.4,1
STU_13079,17,38,70,42,4.8,1
STU_13080,14,53,64,65,7.5,1
STU_13081,18,60,50,47,9.4,1
STU_13082,14,58,54,54,4.7,1
STU_13083,14,49,45,53,5.9,0
STU_13084,15,56,47,42,14.8,0
STU_13085,18,56,58,55,12.3,1
STU_13086,17,36,34,56,6.8,0
STU_13087,15,57,53,65,8.0,1
STU_13088,14,30,60,55,8.7,0
STU_13089,19,65,54,67,11.1,1
STU_13090,14,67,59,64,11.5,1
STU_13091,14,26,58,64,11.3,0
STU_13092,18,59,56,59,6.2,1
STU_13093,18,61,52,51,8.5,1
STU_13094,15,57,57,50,14.0,1
STU_13095,17,67,85,89,24.4,1
STU_13096,15,42,53,63,8.4,1
STU_13097,16,37,26,50,5.6,0
STU_13098,14,57,42,57,4.7,1
STU_13099,19,51,51,62,11.4,1
STU_13100,14,49,43,38,2.5,0
STU_13101,14,54,57,54,11.5,1
STU_13102,15,56,37,72,11.6,1
STU_13103,19,30,32,51,5.8,0
STU_13104,19,40,43,59,9.2,0
STU_13105,19,61,50,67,7.0,1
STU_13106,15,39,54,48,3.1,0
STU_13107,14,58,40,47,11.0,0
STU_13108,15,72,48,58,10.4,1
STU_13109,18,45,47,46,6.1,0
STU_13110,18,77,67,56,24.2,1
STU_13111,15,61,52,63,8.0,1
STU_13112,19,39,47,44,1.9,0
STU_13113,14,64,53,28,14.4,0
STU_13114,15,67,61,62,12.5,1
STU_13115,15,59,58,63,13.4,1
STU_13116,15,50,33,71,4.1,0
STU_13117,16,50,51,55,9.1,1
STU_13118,18,59,55,65,7.9,1
STU_13119,19,52,64,60,7.2,1
STU_13120,17,62,81,57,16.5,1
STU_13121,19,50,45,58,8.1,1
STU_13122,17,22,42,50,6.2,0
STU_13123,16,58,48,44,6.2,1
STU_13124,15,29,39,44,3.9,0
STU_13125,16,40,64,47,8.6,1
STU_13126,16,62,67,64,17.2,1
STU_13127,14,29,49,52,6.5,0
STU_13128,18,57,59,49,9.4,1
STU_13129,17,51,51,51,7.1,1
STU_13130,15,44,53,33,7.6,0
STU_13131,17,51,61,48,12.8,1
STU_13132,19,35,43,46,3.8,0
STU_13133,17,46,33,66,2.7,0
STU_13134,19,45,79,68,14.4,1
STU_13135,18,41,38,41,5.7,0
STU_13136,19,31,64,70,6.2,0
STU_13137,17,91,85,75,27.1,1
STU_13138,17,54,52,46,12.5,1
STU_13139,19,49,51,49,4.5,0
STU_13140,16,74,70,72,15.0,1
STU_13141,18,70,75,46,12.6,1
STU_13142,14,26,26,34,0.5,0
STU_13143,15,54,51,75,8.8,1
STU_13144,17,53,58,53,4.0,1
STU_13145,15,56,58,48,7.6,1
STU_13146,14,87,82,71,24.5,1
STU_13147,15,41,74,63,13.1,1
STU_13148,14,67,59,58,14.2,1
STU_13149,19,40,25,68,7.1,0
STU_13150,16,67,57,62,14.2,1
STU_13151,17,50,66,58,5.0,1
STU_13152,14,57,55,55,8.7,1
STU_13153,15,57,50,59,12.8,1
STU_13154,17,71,72,69,12.6,1
STU_13155,16,45,51,58,2.9,1
STU_13156,19,77,74,51,21.5,1
STU_13157,17,33,51,50,4.3,0
STU_13158,14,93,76,100,29.8,1
STU_13159,16,78,55,54,13.0,1
STU_13160,15,43,57,64,12.4,1
STU_13161,16,51,56,64,4.6,1
STU_13162,16,54,42,39,5.8,0
STU_13163,18,89,71,63,20.5,1
STU_13164,16,76,83,49,19.0,1
STU_13165,16,48,75,54,7.2,1
STU_13166,17,52,40,57,6.9,0
STU_13167,15,45,51,60,7.0,1
STU_13168,17,74,47,79,15.0,1
STU_13169,17,45,61,61,14.2,1
STU_13170,14,48,51,43,10.1,0
STU_13171,17,55,65,45,8.8,1
STU_13172,18,60,38,45,7.2,0
STU_13173,18,86,71,79,28.5,1
STU_13174,14,33,58,74,3.1,0
STU_13175,19,44,42,51,6.3,0
STU_13176,15,49,55,71,9.7,1
STU_13177,15,37,45,47,2.7,0
STU_13178,17,41,39,38,5.6,0
STU_13179,17,74,69,63,24.3,1
STU_13180,19,43,71,52,13.7,1
STU_13181,17,48,54,50,5.5,1
STU_13182,15,51,46,55,5.4,1
STU_13183,16,56,42,41,3.1,0
STU_13184,18,54,51,60,6.0,1
STU_13185,16,63,60,69,11.1,1
STU_13186,16,56,67,53,10.0,1
STU_13187,15,29,48,62,6.3,0
STU_13188,16,46,49,28,4.3,0
STU_13189,19,49,57,27,7.1,0
STU_13190,14,58,57,62,7.0,1
STU_13191,17,64,73,54,12.7,1
STU_13192,14,50,53,79,9.2,1
STU_13193,18,70,46,53,8.5,1
STU_13194,17,72,60,51,15.8,1
STU_13195,16,72,75,84,18.9,1
STU_13196,18,58,53,63,10.0,1
STU_13197,17,54,77,73,10.1,1
STU_13198,19,48,50,47,7.4,0
STU_13199,19,22,36,54,4.6,0
STU_13200,19,50,62,50,13.2,1
STU_13201,19,51,72,39,11.8,1
STU_13202,16,54,42,62,7.8,1
STU_13203,14,35,44,50,9.2,0
STU_13204,17,57,60,51,15.2,1
STU_13205,16,58,58,48,16.6,1
STU_13206,19,38,26,48,1.1,0
STU_13207,14,49,31,52,5.3,0
STU_13208,18,43,53,48,7.8,0
STU_13209,18,36,51,42,3.9,0
STU_13210,18,45,46,64,9.3,1
STU_13211,19,41,46,24,5.5,0
STU_13212,18,52,55,62,9.5,1
STU_13213,15,58,36,56,5.6,1
STU_13214,17,35,56,38,5.8,0
STU_13215,17,70,55,34,9.5,0
STU_13216,19,47,65,66,13.6,1
STU_13217,15,65,63,45,11.4,1
STU_13218,16,44,75,71,7.8,1
STU_13219,16,30,31,71,2.1,0
STU_13220,18,58,38,56,5.7,1
STU_13221,14,45,63,50,5.3,1
STU_13222,16,57,64,56,12.2,1
STU_13223,14,48,53,36,8.8,0
STU_13224,17,45,48,52,9.0,0
STU_13225,14,42,43,45,4.7,0
STU_13226,17,33,63,57,17.0,0
STU_13227,15,33,37,59,9.0,0
STU_13228,15,47,55,51,4.5,1
STU_13229,19,55,25,59,4.7,0
STU_13230,19,66,45,51,9.7,1
STU_13231,18,33,41,56,4.4,0
STU_13232,16,46,68,51,5.3,1
STU_13233,18,20,43,56,3.7,0
STU_13234,17,53,61,57,12.1,1
STU_13235,18,51,36,70,4.5,1
STU_13236,14,68,76,39,18.6,1
STU_13237,17,51,84,63,10.5,1
STU_13238,19,42,49,58,3.7,0
STU_13239,15,68,53,43,11.3,1
STU_13240,19,63,45,84,17.0,1
STU_13241,16,49,57,54,7.6,1
STU_13242,17,83,57,64,18.1,1
STU_13243,17,52,47,61,10.6,1
STU_13244,14,29,56,61,5.5,0
STU_13245,16,93,72,73,24.5,1
STU_13246,15,51,42,49,3.0,0
STU_13247,17,25,56,61,6.5,0
STU_13248,17,48,43,64,7.8,1
STU_13249,14,75,61,73,22.2,1
STU_13250,18,71,62,42,12.3,1
STU_13251,15,55,63,46,11.1,1
STU_13252,19,46,40,62,5.0,0
STU_13253,16,50,44,50,7.5,0
STU_13254,17,40,36,45,5.6,0
STU_13255,17,68,63,62,10.9,1
STU_13256,19,55,82,66,15.5,1
STU_13257,15,80,91,73,27.6,1
STU_13258,18,46,47,60,6.0,1
STU_13259,17,27,50,34,3.0,0
STU_13260,15,65,40,33,6.6,0
STU_13261,19,61,65,77,14.3,1
STU_13262,14,52,35,38,4.6,0
STU_13263,18,40,50,38,8.0,0
STU_13264,16,62,67,54,11.2,1
STU_13265,17,54,56,51,6.1,1
STU_13266,15,61,58,50,9.2,1
STU_13267,14,62,49,47,4.3,1
STU_13268,16,58,56,47,16.1,1
STU_13269,15,46,50,60,6.9,1
STU_13270,15,43,60,38,9.0,0
STU_13271,16,38,39,48,2.1,0
STU_13272,14,49,42,52,3.9,0
STU_13273,19,66,56,68,14.0,1
STU_13274,14,62,45,54,6.0,1
STU_13275,18,48,37,38,4.4,0
STU_13276,17,40,43,44,2.8,0
STU_13277,16,53,60,55,15.9,1
STU_13278,19,65,42,41,12.0,0
STU_13279,16,54,83,63,11.6,1
STU_13280,16,79,59,58,19.5,1
STU_13281,14,42,47,54,6.5,0
STU_13282,17,52,43,47,3.0,0
STU_13283,18,54,46,42,8.3,0
STU_13284,15,84,72,56,21.6,1
STU_13285,15,54,43,51,8.4,0
STU_13286,16,53,70,47,15.3,1
STU_13287,17,37,43,59,3.1,0
STU_13288,19,31,53,65,4.9,0
STU_13289,14,61,74,69,13.6,1
STU_13290,17,36,49,59,8.9,0
STU_13291,17,51,58,54,7.5,1
STU_13292,14,26,78,50,15.2,0
STU_13293,16,67,58,69,13.5,1
STU_13294,17,40,59,70,9.1,1
STU_13295,15,27,35,42,1.1,0
STU_13296,14,63,63,54,8.1,1
STU_13297,19,57,50,48,10.4,1
STU_13298,18,47,49,44,2.2,0
STU_13299,16,43,64,42,10.2,0
STU_13300,14,73,51,59,15.5,1
STU_13301,18,48,44,59,8.1,1
STU_13302,18,44,37,53,4.1,0
STU_13303,19,52,51,49,1.3,1
STU_13304,17,42,43,29,10.3,0
STU_13305,19,48,45,48,2.4,0
STU_13306,17,60,64,64,11.5,1
STU_13307,17,71,73,68,21.0,1
STU_13308,14,33,59,63,5.0,0
STU_13309,14,45,30,52,7.0,0
STU_13310,16,66,79,73,21.7,1
STU_13311,17,63,50,44,8.7,1
STU_13312,18,47,33,58,6.0,0
STU_13313,15,54,50,69,14.3,1
STU_13314,16,32,64,44,6.3,0
STU_13315,14,39,52,35,4.8,0
STU_13316,19,68,64,53,11.4,1
STU_13317,16,63,72,51,15.0,1
STU_13318,16,42,32,57,4.8,0
STU_13319,16,68,55,50,9.1,1
STU_13320,16,44,61,61,7.2,1
STU_13321,15,41,47,36,7.9,0
STU_13322,19,46,58,40,4.1,0
STU_13323,19,61,51,50,11.9,1
STU_13324,19,62,69,68,18.5,1
STU_13325,17,35,49,27,4.7,0
STU_13326,18,71,65,55,11.9,1
STU_13327,19,56,58,57,14.1,1
STU_13328,16,37,63,59,9.1,1
STU_13329,16,58,61,58,11.6,1
STU_13330,19,53,30,40,5.1,0
STU_13331,19,65,85,40,18.0,1
STU_13332,16,67,52,53,15.0,1
STU_13333,17,53,83,49,16.0,1
STU_13334,14,48,42,36,3.6,0
STU_13335,14,45,52,49,10.8,0
STU_13336,19,48,50,60,5.3,1
STU_13337,15,77,61,52,18.8,1
STU_13338,19,45,27,30,4.8,0
STU_13339,19,39,52,49,9.3,0
STU_13340,14,26,44,44,1.7,0
STU_13341,16,68,68,51,9.3,1
STU_13342,19,34,32,42,3.7,0
STU_13343,16,63,62,55,11.1,1
STU_13344,16,49,49,55,7.3,1
STU_13345,15,36,49,42,6.4,0
STU_13346,16,64,78,77,19.1,1
STU_13347,14,98,74,71,25.4,1
STU_13348,17,75,44,59,2.9,1
STU_13349,17,44,59,55,6.5,1
STU_13350,18,55,69,45,13.0,1
STU_13351,19,37,42,34,10.0,0
STU_13352,14,41,52,71,12.6,1
STU_13353,16,40,49,43,7.7,0
STU_13354,17,58,71,61,15.4,1
STU_13355,14,51,50,48,9.1,0
STU_13356,17,61,55,71,10.4,1
STU_13357,16,44,56,48,3.7,0
STU_13358,17,57,48,39,8.5,0
STU_13359,19,52,74,57,13.1,1
STU_13360,19,52,37,68,9.7,1
STU_13361,18,47,48,45,8.7,0
STU_13362,18,42,42,40,10.8,0
STU_13363,17,31,54,63,9.0,0
STU_13364,14,42,58,43,7.8,0
STU_13365,19,34,58,41,13.3,0
STU_13366,14,37,45,43,7.5,0
STU_13367,14,47,30,51,3.5,0
STU_13368,17,70,85,70,18.6,1
STU_13369,14,45,47,55,5.5,0
STU_13370,19,52,38,36,2.8,0
STU_13371,16,49,72,67,11.6,1
STU_13372,18,78,66,74,19.9,1
STU_13373,16,48,48,63,11.7,1
STU_13374,14,69,58,52,17.1,1
STU_13375,16,44,36,43,4.4,0
STU_13376,19,43,33,52,3.5,0
STU_13377,19,43,41,58,6.5,0
STU_13378,14,65,86,50,14.7,1
STU_13379,17,59,44,76,11.1,1
STU_13380,16,42,42,56,11.6,0
STU_13381,17,59,55,65,8.7,1
STU_13382,17,35,48,38,6.6,0
STU_13383,15,42,59,57,9.0,1
STU_13384,14,51,44,39,7.3,0
STU_13385,18,52,39,53,6.3,0
STU_13386,19,56,71,61,10.2,1
STU_13387,19,51,33,58,6.9,0
STU_13388,14,41,57,47,9.5,0
STU_13389,18,33,48,27,1.9,0
STU_13390,19,31,61,58,9.1,0
STU_13391,14,38,46,48,6.9,0
STU_13392,19,53,54,60,17.6,1
STU_13393,17,40,57,37,2.7,0
STU_13394,16,74,47,54,8.7,1
STU_13395,16,66,74,59,13.2,1
STU_13396,19,26,54,65,7.5,0
STU_13397,15,32,44,30,6.7,0
STU_13398,18,46,63,45,13.1,1
STU_13399,18,37,67,62,11.0,1
STU_13400,18,53,57,33,11.4,0
STU_13401,17,49,41,44,6.3,0
STU_13402,18,33,29,77,5.8,0
STU_13403,16,50,49,52,9.5,1
STU_13404,17,62,68,68,13.8,1
STU_13405,14,48,33,30,3.2,0
STU_13406,18,50,57,61,7.7,1
STU_13407,18,49,48,47,6.0,0
STU_13408,14,50,59,57,8.3,1
STU_13409,18,47,35,65,12.5,0
STU_13410,14,36,31,44,4.7,0
STU_13411,17,43,52,63,11.7,1
STU_13412,16,62,67,39,6.4,1
STU_13413,14,47,54,62,15.0,1
STU_13414,15,53,45,56,4.9,1
STU_13415,14,45,81,54,13.7,1
STU_13416,18,49,48,38,3.4,0
STU_13417,17,61,61,50,9.2,1
STU_13418,19,68,50,70,11.8,1
STU_13419,17,34,58,60,5.0,0
STU_13420,19,39,54,55,1.5,0
STU_13421,14,40,53,68,6.1,1
STU_13422,16,41,50,54,8.3,0
STU_13423,15,47,54,54,6.7,1
STU_13424,17,53,31,29,5.7,0
STU_13425,18,53,70,50,13.3,1
STU_13426,19,67,55,68,15.9,1
STU_13427,18,53,60,71,15.3,1
STU_13428,16,44,68,43,10.7,1
STU_13429,19,52,67,57,11.5,1
STU_13430,17,40,29,74,4.5,0
STU_13431,14,56,41,53,7.9,1
STU_13432,18,38,58,70,8.7,1
STU_13433,16,74,36,59,9.7,1
STU_13434,17,34,68,62,9.6,0
STU_13435,17,52,52,44,8.3,0
STU_13436,17,51,69,39,10.6,1
STU_13437,17,45,46,63,9.4,1
STU_13438,19,50,46,59,9.4,1
STU_13439,17,51,57,51,5.2,1
STU_13440,18,50,41,35,3.8,0
STU_13441,16,50,41,52,9.8,0
STU_13442,19,50,54,45,6.3,0
STU_13443,17,31,31,45,5.4,0
STU_13444,15,55,72,61,12.0,1
STU_13445,15,53,52,61,7.9,1
STU_13446,16,43,57,67,17.2,1
STU_13447,14,56,68,60,11.3,1
STU_13448,14,42,58,52,5.0,1
STU_13449,19,69,57,56,12.1,1
STU_13450,19,55,77,47,10.3,1
STU_13451,19,49,68,51,4.9,1
STU_13452,14,43,51,60,5.8,1
STU_13453,15,62,67,57,11.7,1
STU_13454,14,45,55,37,2.3,0
STU_13455,18,25,29,34,1.7,0
STU_13456,17,54,55,45,9.1,1
STU_13457,19,62,45,42,8.7,0
STU_13458,15,62,45,87,9.5,1
STU_13459,16,51,53,45,8.7,0
STU_13460,16,57,57,56,10.5,1
STU_13461,17,73,47,62,16.0,1
STU_13462,15,38,55,70,8.2,1
STU_13463,14,45,40,53,3.0,0
STU_13464,14,19,55,52,2.1,0
STU_13465,18,56,60,54,6.6,1
STU_13466,18,43,40,55,6.7,0
STU_13467,14,40,57,52,3.4,0
STU_13468,16,32,46,40,1.4,0
STU_13469,19,46,46,42,6.3,0
STU_13470,16,73,65,68,19.9,1
STU_13471,18,61,43,50,10.3,1
STU_13472,17,66,42,58,9.8,1
STU_13473,14,49,32,41,7.4,0
STU_13474,18,30,49,36,6.6,0
STU_13475,18,68,35,43,10.9,0
STU_13476,19,27,35,48,3.7,0
STU_13477,14,72,81,52,22.8,1
STU_13478,19,37,59,71,3.9,1
STU_13479,14,56,45,79,11.5,1
STU_13480,19,30,51,59,4.1,0
STU_13481,16,38,49,51,8.8,0
STU_13482,17,57,52,53,12.2,1
STU_13483,17,32,44,51,2.6,0
STU_13484,14,56,38,56,4.4,1
STU_13485,15,38,45,53,4.6,0
STU_13486,18,37,50,38,7.0,0
STU_13487,18,69,65,53,9.5,1
STU_13488,14,76,84,73,20.1,1
STU_13489,19,73,41,25,5.8,0
STU_13490,15,51,66,54,19.4,1
STU_13491,16,55,62,62,10.1,1
STU_13492,19,47,42,46,3.8,0
STU_13493,19,49,57,50,7.4,1
STU_13494,14,37,52,60,3.0,0
STU_13495,14,59,59,52,6.6,1
STU_13496,18,51,49,47,6.3,0
STU_13497,14,34,41,51,8.9,0
STU_13498,14,47,55,55,11.5,1
STU_13499,14,37,45,44,7.8,0
STU_13500,18,41,52,47,4.1,0
STU_13501,16,75,81,51,17.1,1
STU_13502,16,69,87,64,20.8,1
STU_13503,14,46,59,47,7.3,1
STU_13504,18,43,44,58,9.8,0
STU_13505,16,55,63,69,7.1,1
STU_13506,19,63,57,58,8.9,1
STU_13507,16,51,44,56,9.2,1
STU_13508,16,57,52,51,3.4,1
STU_13509,18,42,47,43,6.7,0
STU_13510,19,47,41,68,14.3,1
STU_13511,18,68,50,64,13.6,1
STU_13512,14,46,48,52,6.6,0
STU_13513,17,46,52,59,9.3,1
STU_13514,16,48,38,56,6.9,0
STU_13515,17,40,64,61,11.7,1
STU_13516,18,22,47,59,2.6,0
STU_13517,18,56,41,49,10.9,0
STU_13518,18,71,93,79,17.8,1
STU_13519,17,58,34,33,5.2,0
STU_13520,18,73,60,70,16.4,1
STU_13521,14,59,57,57,9.6,1
STU_13522,18,62,46,43,7.8,1
STU_13523,15,52,63,64,6.6,1
STU_13524,17,62,63,44,16.8,1
STU_13525,15,57,40,70,6.9,1
STU_13526,18,78,75,91,19.3,1
STU_13527,14,67,38,63,18.0,1
STU_13528,16,34,53,40,6.0,0
STU_13529,19,30,63,47,7.3,0
STU_13530,19,47,18,58,2.0,0
STU_13531,18,54,47,50,7.9,1
STU_13532,14,56,35,22,8.5,0
STU_13533,17,71,62,66,15.2,1
STU_13534,15,59,90,75,18.6,1
STU_13535,15,39,60,64,12.4,1
STU_13536,15,66,59,68,14.5,1
STU_13537,17,60,21,71,7.3,0
STU_13538,19,45,33,47,3.6,0
STU_13539,14,37,52,74,9.6,1
STU_13540,17,64,63,60,15.0,1
STU_13541,15,25,43,58,0.9,0
STU_13542,18,35,60,53,8.8,0
STU_13543,16,39,32,70,2.2,0
STU_13544,17,45,46,58,4.9,0
STU_13545,17,50,47,54,9.0,1
STU_13546,14,73,59,52,18.7,1
STU_13547,14,42,42,56,8.2,0
STU_13548,17,57,62,49,11.9,1
STU_13549,15,47,28,60,9.5,0
STU_13550,16,42,28,58,5.1,0
STU_13551,14,57,87,68,10.6,1
STU_13552,15,52,37,55,3.5,0
STU_13553,18,53,66,55,8.2,1
STU_13554,14,71,64,78,16.6,1
STU_13555,15,51,47,71,9.1,1
STU_13556,15,57,60,44,9.5,1
STU_13557,16,57,49,72,6.6,1
STU_13558,16,59,41,61,2.7,1
STU_13559,18,60,49,43,7.1,1
STU_13560,15,58,63,39,13.2,1
STU_13561,19,65,48,70,10.3,1
STU_13562,15,47,39,51,3.6,0
STU_13563,16,33,32,42,2.1,0
STU_13564,19,50,34,54,5.1,0
STU_13565,14,36,68,66,7.1,1
STU_13566,14,54,41,31,7.4,0
STU_13567,17,66,60,55,7.5,1
STU_13568,16,58,48,55,8.2,1
STU_13569,17,66,60,73,10.5,1
STU_13570,19,43,48,61,6.3,1
STU_13571,16,48,27,59,4.4,0
STU_13572,18,62,56,52,11.2,1
STU_13573,15,56,65,67,13.4,1
STU_13574,18,52,38,46,5.7,0
STU_13575,19,81,98,69,22.9,1
STU_13576,16,75,75,71,18.2,1
STU_13577,19,32,52,50,3.8,0
STU_13578,15,52,51,51,2.3,1
STU_13579,14,53,26,67,7.3,0
STU_13580,14,51,60,52,9.6,1
STU_13581,19,75,97,59,22.7,1
STU_13582,17,75,81,60,22.3,1
STU_13583,16,48,54,46,11.9,0
STU_13584,16,58,37,70,6.4,1
STU_13585,14,73,51,69,15.6,1
STU_13586,18,61,39,66,8.8,1
STU_13587,15,56,39,58,3.3,1
STU_13588,18,43,33,47,3.4,0
STU_13589,18,30,47,70,6.4,0
STU_13590,19,67,63,53,14.1,1
STU_13591,14,48,27,72,4.1,0
STU_13592,14,62,41,53,6.4,1
STU_13593,14,78,61,85,18.1,1
STU_13594,19,55,48,45,10.2,0
STU_13595,17,53,56,52,10.9,1
STU_13596,18,71,62,43,14.4,1
STU_13597,19,20,44,64,6.5,0
STU_13598,16,71,61,68,18.8,1
STU_13599,15,66,57,80,12.1,1
STU_13600,17,47,65,48,7.6,1
STU_13601,16,61,50,78,16.8,1
STU_13602,18,59,68,59,11.8,1
STU_13603,14,63,35,53,8.1,1
STU_13604,18,59,59,54,11.1,1
STU_13605,19,37,56,41,4.6,0
STU_13606,15,75,50,66,15.6,1
STU_13607,19,90,78,72,22.5,1
STU_13608,17,32,32,31,2.6,0
STU_13609,17,73,59,24,5.7,0
STU_13610,15,45,31,47,5.4,0
STU_13611,16,67,49,72,12.6,1
STU_13612,16,59,54,58,9.3,1
STU_13613,17,39,55,37,6.2,0
STU_13614,17,43,50,33,6.8,0
STU_13615,14,46,52,64,5.9,1
STU_13616,16,37,51,40,11.7,0
STU_13617,15,60,42,63,9.2,1
STU_13618,16,28,63,59,6.6,0
STU_13619,14,46,52,69,5.9,1
STU_13620,19,59,60,57,17.0,1
STU_13621,17,69,46,72,15.4,1
STU_13622,17,34,69,73,11.8,0
STU_13623,14,44,74,46,14.5,1
STU_13624,15,35,41,50,3.3,0
STU_13625,17,47,38,49,4.0,0
STU_13626,18,44,41,37,3.7,0
STU_13627,17,60,49,57,8.2,1
STU_13628,18,63,69,48,14.7,1
STU_13629,14,46,37,56,6.3,0
STU_13630,14,53,58,86,15.9,1
STU_13631,17,43,45,49,5.7,0
STU_13632,16,48,53,52,7.5,1
STU_13633,18,26,57,67,6.2,0
STU_13634,15,39,53,67,7.2,1
STU_13635,17,53,68,47,7.7,1
STU_13636,15,41,32,55,2.2,0
STU_13637,17,51,69,24,10.1,0
STU_13638,16,43,41,42,7.6,0
STU_13639,16,51,64,77,18.8,1
STU_13640,16,34,60,52,11.4,0
STU_13641,19,50,65,54,9.8,1
STU_13642,16,82,63,55,18.1,1
STU_13643,14,66,69,52,17.1,1
STU_13644,14,80,66,39,19.2,1
STU_13645,19,34,24,47,5.9,0
STU_13646,18,44,44,54,3.7,0
STU_13647,15,32,29,50,2.2,0
STU_13648,17,53,74,52,14.3,1
STU_13649,17,46,54,31,1.9,0
STU_13650,19,51,45,51,9.3,0
STU_13651,14,26,33,33,2.8,0
STU_13652,17,64,57,54,15.5,1
STU_13653,14,47,61,58,10.9,1
STU_13654,18,48,68,52,15.5,1
STU_13655,15,42,87,69,9.4,1
STU_13656,18,63,42,38,4.4,0
STU_13657,19,58,49,45,6.1,1
STU_13658,16,39,79,69,13.5,1
STU_13659,16,38,45,55,2.6,0
STU_13660,16,44,36,57,5.8,0
STU_13661,18,42,50,44,5.3,0
STU_13662,17,42,57,60,7.7,1
STU_13663,15,63,53,66,11.6,1
STU_13664,16,72,70,67,15.3,1
STU_13665,19,51,50,48,3.1,0
STU_13666,19,47,41,56,4.6,0
STU_13667,16,47,59,48,3.4,1
STU_13668,16,46,43,58,7.9,0
STU_13669,15,26,48,50,3.7,0
STU_13670,16,37,48,39,10.0,0
STU_13671,15,56,47,57,16.4,1
STU_13672,19,37,45,70,2.3,1
STU_13673,16,31,65,29,4.7,0
STU_13674,18,59,69,83,19.4,1
STU_13675,18,48,38,62,9.1,0
STU_13676,19,54,50,52,5.9,1
STU_13677,15,94,79,60,30.7,1
STU_13678,18,39,59,52,6.8,1
STU_13679,15,56,54,49,11.4,1
STU_13680,18,30,28,63,4.8,0
STU_13681,18,34,50,42,4.2,0
STU_13682,15,40,59,55,11.8,1
STU_13683,17,76,67,70,20.3,1
STU_13684,18,43,37,45,6.1,0
STU_13685,16,41,62,60,4.0,1
STU_13686,19,69,56,57,14.2,1
STU_13687,17,36,57,31,6.1,0
STU_13688,15,58,50,58,10.1,1
STU_13689,17,65,54,60,5.9,1
STU_13690,14,37,49,68,6.6,1
STU_13691,14,27,45,56,4.5,0
STU_13692,18,44,49,71,12.0,1
STU_13693,18,57,60,62,10.3,1
STU_13694,16,71,68,46,10.1,1
STU_13695,19,61,36,42,5.1,0
STU_13696,17,61,45,30,9.8,0
STU_13697,14,83,100,67,21.9,1
STU_13698,18,47,34,57,4.0,0
STU_13699,19,51,40,33,4.8,0
STU_13700,17,47,60,65,5.0,1
STU_13701,18,43,66,53,8.7,1
STU_13702,18,59,20,39,3.8,0
STU_13703,14,68,63,40,10.9,1
STU_13704,14,31,39,66,2.1,0
STU_13705,18,65,57,72,12.8,1
STU_13706,15,68,66,52,10.0,1
STU_13707,18,78,69,79,21.6,1
STU_13708,19,41,40,47,4.2,0
STU_13709,18,75,58,54,14.5,1
STU_13710,16,51,47,46,7.6,0
STU_13711,16,41,52,50,6.7,0
STU_13712,16,31,58,45,4.0,0
STU_13713,15,16,52,52,6.0,0
STU_13714,15,66,48,70,6.2,1
STU_13715,18,32,48,73,2.8,0
STU_13716,16,62,62,43,9.9,1
STU_13717,15,42,59,60,9.2,1
STU_13718,14,57,50,60,11.4,1
STU_13719,18,49,51,57,5.5,1
STU_13720,19,46,38,54,13.1,0
STU_13721,17,75,80,70,16.9,1
STU_13722,18,46,65,38,7.0,0
STU_13723,17,48,54,87,4.2,1
STU_13724,16,65,64,57,8.4,1
STU_13725,17,57,50,62,8.2,1
STU_13726,16,47,42,41,7.2,0
STU_13727,14,75,44,50,11.4,1
STU_13728,17,46,58,36,6.5,0
STU_13729,18,43,37,65,4.0,0
STU_13730,16,49,49,43,8.9,0
STU_13731,18,44,59,56,11.7,1
STU_13732,15,44,57,57,12.2,1
STU_13733,16,41,51,57,6.2,0
STU_13734,17,42,35,41,9.6,0
STU_13735,16,63,63,73,17.2,1
STU_13736,18,74,74,78,17.1,1
STU_13737,14,58,57,54,14.8,1
STU_13738,16,42,34,48,2.7,0
STU_13739,17,42,58,59,6.5,1
STU_13740,15,90,60,66,16.5,1
STU_13741,19,55,44,37,2.7,0
STU_13742,14,47,48,61,7.8,1
STU_13743,15,47,47,68,5.4,1
STU_13744,16,39,69,72,9.7,1
STU_13745,18,36,46,53,1.5,0
STU_13746,18,57,51,71,15.6,1
STU_13747,17,57,47,50,8.0,1
STU_13748,18,33,40,39,3.8,0
STU_13749,14,61,48,50,5.0,1
STU_13750,18,52,63,81,9.9,1
STU_13751,17,35,46,44,4.7,0
STU_13752,19,71,70,72,20.0,1
STU_13753,16,56,28,57,7.4,0
STU_13754,16,72,80,61,17.9,1
STU_13755,18,53,51,71,8.9,1
STU_13756,15,65,60,76,12.0,1
STU_13757,16,64,59,87,11.5,1
STU_13758,19,54,40,43,5.9,0
STU_13759,18,54,55,63,12.0,1
STU_13760,17,43,40,53,6.2,0
STU_13761,19,37,56,40,2.5,0
STU_13762,18,43,27,45,7.0,0
STU_13763,19,42,34,51,3.4,0
STU_13764,16,46,45,47,6.1,0
STU_13765,17,66,65,43,7.8,1
STU_13766,18,38,52,51,4.3,0
STU_13767,14,45,39,45,11.1,0
STU_13768,17,53,47,47,6.2,0
STU_13769,14,42,51,53,3.4,0
STU_13770,19,36,67,48,4.4,1
STU_13771,15,58,48,52,8.5,1
STU_13772,17,44,37,72,6.8,1
STU_13773,19,67,56,71,9.5,1
STU_13774,14,41,51,55,8.6,0
STU_13775,16,37,49,38,4.1,0
STU_13776,16,46,54,60,5.4,1
STU_13777,15,72,62,87,13.0,1
STU_13778,17,36,51,65,4.6,1
STU_13779,17,72,83,51,18.2,1
STU_13780,17,29,40,46,2.9,0
STU_13781,19,67,46,51,12.8,1
STU_13782,15,42,53,43,7.5,0
STU_13783,17,49,32,62,4.1,0
STU_13784,19,57,40,66,8.4,1
STU_13785,16,25,37,70,4.7,0
STU_13786,14,47,34,59,5.6,0
STU_13787,19,41,60,51,6.3,1
STU_13788,16,62,58,60,12.2,1
STU_13789,16,36,54,41,5.3,0
STU_13790,14,46,58,70,9.2,1
STU_13791,16,69,56,51,12.5,1
STU_13792,15,61,61,50,8.3,1
STU_13793,14,43,49,53,10.0,0
STU_13794,16,67,49,20,7.8,0
STU_13795,18,29,48,67,10.9,0
STU_13796,19,43,57,38,3.3,0
STU_13797,16,53,65,72,17.3,1
STU_13798,15,48,52,46,5.1,0
STU_13799,17,46,44,48,7.5,0
STU_13800,16,28,50,35,1.9,0
STU_13801,17,38,55,67,5.8,1
STU_13802,18,44,37,73,9.4,1
STU_13803,16,69,68,76,18.6,1
STU_13804,14,65,57,60,11.2,1
STU_13805,17,66,45,53,6.1,1
STU_13806,18,38,56,60,2.7,1
STU_13807,14,67,52,61,16.2,1
STU_13808,14,57,43,66,5.9,1
STU_13809,14,47,45,45,9.4,0
STU_13810,14,38,58,63,6.1,1
STU_13811,16,73,44,70,10.1,1
STU_13812,19,62,45,50,15.8,1
STU_13813,16,59,62,49,12.1,1
STU_13814,16,31,47,52,6.8,0
STU_13815,18,59,75,68,16.4,1
STU_13816,18,91,80,61,20.9,1
STU_13817,19,65,60,61,13.9,1
STU_13818,18,46,33,29,6.2,0
STU_13819,15,72,46,67,12.8,1
STU_13820,19,43,42,69,13.8,1
STU_13821,18,43,47,69,6.8,1
STU_13822,19,95,65,74,20.9,1
STU_13823,16,62,61,58,15.4,1
STU_13824,16,47,51,42,7.1,0
STU_13825,19,58,67,43,6.2,1
STU_13826,15,72,66,59,13.6,1
STU_13827,15,65,77,62,24.1,1
STU_13828,19,46,28,40,3.5,0
STU_13829,18,71,55,56,10.4,1
STU_13830,17,51,67,41,12.7,1
STU_13831,15,60,67,51,15.7,1
STU_13832,14,58,48,61,12.7,1
STU_13833,16,53,44,54,5.9,1
STU_13834,19,26,44,58,3.2,0
STU_13835,14,16,44,54,6.6,0
STU_13836,19,60,52,59,12.5,1
STU_13837,16,57,25,58,5.5,0
STU_13838,16,63,58,66,17.1,1
STU_13839,15,42,52,42,7.4,0
STU_13840,15,43,55,42,5.3,0
STU_13841,14,71,56,76,11.0,1
STU_13842,19,41,60,88,6.9,1
STU_13843,16,52,47,60,6.1,1
STU_13844,14,64,65,59,22.4,1
STU_13845,17,34,42,72,5.5,0
STU_13846,14,55,53,47,6.5,1
STU_13847,18,71,53,62,11.1,1
STU_13848,14,74,59,63,16.9,1
STU_13849,18,33,39,59,10.5,0
STU_13850,18,46,43,50,8.5,0
STU_13851,18,80,72,86,23.9,1
STU_13852,17,47,42,50,6.3,0
STU_13853,14,27,38,59,6.3,0
STU_13854,14,32,63,58,5.6,0
STU_13855,17,45,60,55,10.2,1
STU_13856,16,42,67,33,4.5,0
STU_13857,15,22,28,40,3.8,0
STU_13858,14,53,52,60,6.5,1
STU_13859,15,39,38,51,2.6,0
STU_13860,19,41,53,46,9.4,0
STU_13861,19,55,73,57,10.2,1
STU_13862,17,41,39,60,11.2,0
STU_13863,19,58,53,66,13.1,1
STU_13864,19,29,41,72,6.6,0
STU_13865,16,47,58,37,15.8,0
STU_13866,16,57,41,75,15.0,1
STU_13867,16,35,57,52,4.1,0
STU_13868,19,53,64,42,7.8,1
STU_13869,17,37,46,48,1.3,0
STU_13870,18,85,50,79,16.0,1
STU_13871,18,56,62,79,13.0,1
STU_13872,15,34,75,54,18.0,0
STU_13873,18,20,46,39,2.8,0
STU_13874,18,42,55,43,10.7,0
STU_13875,16,79,61,54,5.8,1
STU_13876,16,38,34,50,1.9,0
STU_13877,19,71,59,71,14.1,1
STU_13878,15,51,50,54,3.5,1
STU_13879,14,40,57,66,9.9,1
STU_13880,15,28,53,36,5.8,0
STU_13881,15,57,58,74,8.9,1
STU_13882,17,37,64,74,13.2,1
STU_13883,19,61,49,49,8.9,1
STU_13884,17,42,38,41,4.5,0
STU_13885,15,82,76,78,22.7,1
STU_13886,15,50,64,35,6.6,0
STU_13887,15,48,46,43,5.1,0
STU_13888,18,50,56,42,7.7,0
STU_13889,17,43,44,47,2.9,0
STU_13890,15,45,67,46,5.4,1
STU_13891,16,34,48,44,6.9,0
STU_13892,19,48,59,46,9.4,1
STU_13893,19,72,44,47,8.3,1
STU_13894,16,57,44,44,10.7,0
STU_13895,19,61,51,60,7.9,1
STU_13896,18,52,74,74,14.9,1
STU_13897,18,46,63,62,11.8,1
STU_13898,14,41,33,71,10.2,0
STU_13899,14,51,71,54,16.2,1
STU_13900,14,48,49,55,16.2,1
STU_13901,19,53,60,59,8.7,1
STU_13902,18,43,54,58,6.4,1
STU_13903,18,60,51,55,9.2,1
STU_13904,18,45,57,53,7.5,1
STU_13905,16,22,45,40,6.3,0
STU_13906,18,56,54,26,9.0,0
STU_13907,16,33,40,62,10.1,0
STU_13908,14,58,54,68,11.5,1
STU_13909,14,59,76,60,17.7,1
STU_13910,19,54,40,49,9.5,0
STU_13911,14,35,59,47,8.0,0
STU_13912,19,68,40,56,13.9,1
STU_13913,15,44,34,61,4.8,0
STU_13914,15,36,39,38,2.6,0
STU_13915,17,37,56,64,10.6,1
STU_13916,19,65,43,47,6.6,1
STU_13917,17,38,43,31,6.9,0
STU_13918,17,46,57,46,4.7,0
STU_13919,15,53,75,80,15.5,1
STU_13920,19,78,38,40,2.7,1
STU_13921,15,57,52,55,11.2,1
STU_13922,17,43,48,54,8.0,0
STU_13923,19,74,89,67,18.3,1
STU_13924,17,68,60,77,13.9,1
STU_13925,18,46,60,41,3.9,0
STU_13926,19,53,64,58,11.8,1
STU_13927,19,58,54,65,10.4,1
STU_13928,17,47,44,46,7.7,0
STU_13929,18,55,64,58,11.3,1
STU_13930,16,37,39,62,5.4,0
STU_13931,15,36,48,49,8.5,0
STU_13932,17,55,58,52,8.1,1
STU_13933,19,50,43,38,4.9,0
STU_13934,15,60,45,63,6.6,1
STU_13935,15,46,44,53,5.9,0
STU_13936,15,51,47,51,10.1,0
STU_13937,16,50,68,59,16.0,1
STU_13938,14,41,44,49,3.3,0
STU_13939,17,57,41,60,10.2,1
STU_13940,14,27,42,44,5.8,0
STU_13941,14,70,56,53,13.4,1
STU_13942,14,46,51,53,10.2,1
STU_13943,15,38,48,50,2.8,0
STU_13944,18,57,45,73,9.0,1
STU_13945,15,48,77,44,7.4,1
STU_13946,15,56,58,31,3.6,0
STU_13947,19,52,61,67,5.9,1
STU_13948,19,49,42,45,8.7,0
STU_13949,14,15,27,68,6.0,0
STU_13950,15,71,57,74,14.3,1
STU_13951,14,37,53,59,7.4,0
STU_13952,19,54,45,65,5.6,1
STU_13953,18,56,47,35,9.0,0
STU_13954,17,50,36,41,9.7,0
STU_13955,14,69,53,63,13.5,1
STU_13956,18,55,49,50,8.3,1
STU_13957,17,55,48,47,9.5,1
STU_13958,16,30,44,61,6.6,0
STU_13959,14,69,60,68,18.6,1
STU_13960,14,41,71,68,10.1,1
STU_13961,16,40,59,51,8.8,1
STU_13962,16,42,57,51,6.0,1
STU_13963,14,76,64,78,14.5,1
STU_13964,16,43,29,34,2.6,0
STU_13965,15,56,60,54,9.0,1
STU_13966,17,52,60,41,5.4,1
STU_13967,17,49,73,78,12.7,1
STU_13968,17,37,60,82,9.8,1
STU_13969,15,33,52,57,8.9,0
STU_13970,16,45,45,55,4.2,0
STU_13971,18,59,56,52,7.8,1
STU_13972,16,62,38,54,10.0,1
STU_13973,14,51,66,61,13.5,1
STU_13974,19,68,50,42,10.7,1
STU_13975,17,78,80,66,12.7,1
STU_13976,16,47,40,38,3.1,0
STU_13977,18,66,54,51,8.8,1
STU_13978,14,69,62,61,13.8,1
STU_13979,15,35,33,38,1.5,0
STU_13980,15,41,54,59,7.0,1
STU_13981,18,37,57,51,10.0,0
STU_13982,14,57,72,73,14.8,1
STU_13983,17,48,59,45,8.6,1
STU_13984,16,47,53,52,8.0,1
STU_13985,14,51,45,44,9.5,0
STU_13986,15,30,46,67,10.1,0
STU_13987,18,51,62,47,4.7,1
STU_13988,18,55,48,45,6.0,0
STU_13989,16,43,62,45,2.3,1
STU_13990,18,33,38,50,5.4,0
STU_13991,18,46,66,54,4.0,1
STU_13992,14,44,36,56,4.6,0
STU_13993,17,83,72,70,24.0,1
STU_13994,16,76,65,60,14.4,1
STU_13995,14,40,54,15,4.0,0
STU_13996,17,43,50,44,3.4,0
STU_13997,14,36,28,67,5.6,0
STU_13998,19,50,38,54,3.3,0
STU_13999,14,59,42,44,9.4,0
STU_14000,18,54,39,51,9.3,0
STU_14001,17,33,45,43,4.6,0
STU_14002,16,50,36,70,11.9,1
STU_14003,16,38,67,69,11.9,1
STU_14004,17,37,54,42,5.2,0
STU_14005,18,50,61,50,4.5,1
STU_14006,15,50,37,39,6.3,0
STU_14007,14,56,46,50,11.0,1
STU_14008,18,91,85,64,22.9,1
STU_14009,19,58,67,49,10.9,1
STU_14010,17,36,58,53,3.8,0
STU_14011,14,45,65,71,9.7,1
STU_14012,16,48,54,54,8.6,1
STU_14013,15,45,47,43,8.3,0
STU_14014,19,51,51,51,3.4,1
STU_14015,16,57,49,58,9.7,1
STU_14016,17,46,52,52,7.9,1
STU_14017,14,39,40,70,3.7,0
STU_14018,17,77,72,69,19.7,1
STU_14019,14,51,56,55,3.4,1
STU_14020,18,35,51,32,10.4,0
STU_14021,15,46,45,42,7.3,0
STU_14022,18,48,47,58,6.5,1
STU_14023,18,69,51,66,15.8,1
STU_14024,17,60,66,56,13.4,1
STU_14025,15,52,51,58,7.4,1
STU_14026,14,41,45,60,4.8,0
STU_14027,14,38,51,46,6.0,0
STU_14028,19,55,34,46,6.7,0
STU_14029,16,67,74,57,13.5,1
STU_14030,19,60,49,61,10.0,1
STU_14031,19,68,56,54,13.8,1
STU_14032,14,31,52,58,3.3,0
STU_14033,17,56,67,56,14.4,1
STU_14034,18,77,85,58,17.1,1
STU_14035,18,48,36,76,5.0,1
STU_14036,18,58,49,45,12.6,1
STU_14037,15,62,52,72,16.3,1
STU_14038,14,58,48,31,5.6,0
STU_14039,17,24,42,57,3.9,0
STU_14040,15,55,46,85,9.2,1
STU_14041,16,38,41,59,2.2,0
STU_14042,17,48,51,75,14.3,1
STU_14043,19,59,61,49,4.6,1
STU_14044,17,21,42,63,6.9,0
STU_14045,17,58,51,61,11.9,1
STU_14046,18,60,32,79,11.0,0
STU_14047,17,46,40,46,11.7,0
STU_14048,19,47,40,64,5.0,1
STU_14049,19,50,50,60,9.6,1
STU_14050,14,68,66,49,13.0,1
STU_14051,17,80,32,48,5.5,0
STU_14052,18,75,75,50,20.5,1
STU_14053,17,54,56,17,7.1,0
STU_14054,16,29,48,34,2.1,0
STU_14055,16,50,60,49,7.1,1
STU_14056,18,60,52,64,16.2,1
STU_14057,14,51,50,35,4.4,0
STU_14058,14,28,62,46,4.2,0
STU_14059,19,42,68,59,10.1,1
STU_14060,19,54,63,43,3.9,1
STU_14061,15,44,46,37,3.8,0
STU_14062,18,57,40,42,4.7,0
STU_14063,17,72,42,80,18.6,1
STU_14064,18,59,43,38,10.7,0
STU_14065,15,47,46,67,8.3,1
STU_14066,19,42,42,65,4.9,0
STU_14067,18,68,51,55,12.9,1
STU_14068,18,54,59,62,11.3,1
STU_14069,19,82,71,58,19.3,1
STU_14070,15,42,45,53,4.3,0
STU_14071,19,30,52,74,4.0,0
STU_14072,14,26,37,61,2.1,0
STU_14073,17,53,66,51,10.9,1
STU_14074,19,61,41,41,9.3,0
STU_14075,15,40,45,49,6.3,0
STU_14076,16,46,45,50,2.1,0
STU_14077,14,67,46,72,17.3,1
STU_14078,16,57,47,54,9.0,1
STU_14079,19,60,70,82,15.4,1
STU_14080,14,66,60,63,16.2,1
STU_14081,17,64,37,52,10.7,1
STU_14082,19,56,48,64,11.6,1
STU_14083,17,39,33,59,5.4,0
STU_14084,18,32,57,46,8.6,0
STU_14085,16,66,62,50,14.0,1
STU_14086,14,36,30,32,4.7,0
STU_14087,17,54,43,57,13.4,1
STU_14088,15,48,51,73,12.9,1
STU_14089,17,56,59,66,12.7,1
STU_14090,15,71,44,66,8.2,1
STU_14091,19,48,50,43,5.0,0
STU_14092,14,65,74,66,20.4,1
STU_14093,17,60,70,42,16.7,1
STU_14094,17,36,37,65,8.3,0
STU_14095,14,40,50,70,9.3,1
STU_14096,17,34,60,41,6.8,0
STU_14097,15,42,35,65,2.2,0
STU_14098,17,53,42,51,7.6,0
STU_14099,16,55,50,45,10.7,1
STU_14100,19,49,42,48,5.6,0
STU_14101,18,39,50,59,6.6,0
STU_14102,15,35,43,52,6.6,0
STU_14103,16,39,32,48,8.6,0
STU_14104,19,36,61,59,7.0,1
STU_14105,14,47,50,58,4.6,1
STU_14106,15,71,53,53,8.6,1
STU_14107,18,43,54,53,10.4,1
STU_14108,19,48,49,49,9.1,0
STU_14109,18,41,33,53,2.1,0
STU_14110,14,53,38,40,11.5,0
STU_14111,14,45,60,41,3.7,0
STU_14112,15,48,55,55,10.3,1
STU_14113,17,47,39,48,10.6,0
STU_14114,14,38,32,51,2.8,0
STU_14115,19,62,62,61,13.2,1
STU_14116,17,84,73,95,20.3,1
STU_14117,16,51,41,44,6.7,0
STU_14118,18,51,44,56,10.3,1
STU_14119,17,54,42,41,6.0,0
STU_14120,18,52,25,70,3.7,0
STU_14121,17,57,55,79,13.9,1
STU_14122,16,52,50,39,10.5,0
STU_14123,14,40,62,49,5.2,1
STU_14124,16,50,40,50,3.8,0
STU_14125,14,73,74,64,20.9,1
STU_14126,14,27,59,43,3.2,0
STU_14127,18,59,45,66,11.3,1
STU_14128,19,66,46,74,8.9,1
STU_14129,16,73,52,68,12.4,1
STU_14130,17,62,50,74,17.9,1
STU_14131,16,30,37,42,1.0,0
STU_14132,18,61,56,61,4.1,1
STU_14133,14,64,58,64,7.5,1
STU_14134,18,73,80,60,18.7,1
STU_14135,15,29,42,49,6.2,0
STU_14136,15,39,36,34,5.5,0
STU_14137,17,27,63,32,1.5,0
STU_14138,18,62,48,46,5.1,1
STU_14139,17,40,40,45,11.1,0
STU_14140,17,67,76,62,7.5,1
STU_14141,15,43,45,49,5.1,0
STU_14142,17,61,42,74,21.0,1
STU_14143,15,57,63,39,6.7,1
STU_14144,14,57,29,69,8.6,0
STU_14145,18,31,49,56,4.8,0
STU_14146,17,41,52,54,3.7,0
STU_14147,15,70,64,69,11.9,1
STU_14148,16,35,57,51,2.4,0
STU_14149,17,71,65,45,10.5,1
STU_14150,19,29,58,53,0.7,0
STU_14151,14,36,53,47,9.7,0
STU_14152,14,42,40,52,3.9,0
STU_14153,16,28,42,41,4.5,0
STU_14154,15,48,62,71,6.7,1
STU_14155,17,41,37,56,3.5,0
STU_14156,15,31,50,58,2.0,0
STU_14157,14,67,41,45,7.2,1
STU_14158,15,57,49,62,12.3,1
STU_14159,14,60,65,57,9.2,1
STU_14160,15,71,66,62,14.8,1
STU_14161,16,57,20,26,2.2,0
STU_14162,18,34,39,73,6.2,0
STU_14163,16,32,25,54,8.2,0
STU_14164,16,60,41,55,4.5,1
STU_14165,18,56,49,40,8.4,0
STU_14166,18,62,56,77,14.4,1
STU_14167,17,53,67,72,10.7,1
STU_14168,17,60,67,71,15.5,1
STU_14169,16,61,78,58,9.5,1
STU_14170,16,34,55,79,7.5,0
STU_14171,14,72,72,76,18.0,1
STU_14172,14,61,54,39,8.6,1
STU_14173,17,79,68,70,20.2,1
STU_14174,19,58,53,66,13.3,1
STU_14175,19,44,44,52,5.2,0
STU_14176,17,61,47,59,7.1,1
STU_14177,14,73,66,81,17.9,1
STU_14178,14,79,68,59,14.8,1
STU_14179,19,40,61,54,12.2,1
STU_14180,15,65,51,46,11.4,1
STU_14181,15,33,36,28,3.2,0
STU_14182,14,41,46,46,3.8,0
STU_14183,15,65,43,48,9.2,1
STU_14184,18,33,41,48,4.6,0
STU_14185,17,68,44,46,6.8,1
STU_14186,17,58,73,40,6.5,1
STU_14187,14,61,43,51,11.1,1
STU_14188,16,43,45,61,9.4,0
STU_14189,19,59,55,55,14.2,1
STU_14190,14,49,49,53,9.5,1
STU_14191,15,39,63,78,9.1,1
STU_14192,19,60,48,66,8.0,1
STU_14193,16,59,49,64,15.4,1
STU_14194,15,48,65,57,8.0,1
STU_14195,18,43,49,43,5.1,0
STU_14196,15,54,61,53,11.7,1
STU_14197,18,54,57,50,7.5,1
STU_14198,19,53,47,61,13.2,1
STU_14199,18,75,64,62,16.3,1
STU_14200,19,42,58,40,7.1,0
STU_14201,19,64,57,69,16.0,1
STU_14202,19,46,63,53,13.4,1
STU_14203,19,56,53,72,5.7,1
STU_14204,19,57,31,64,4.6,0
STU_14205,15,50,35,32,4.4,0
STU_14206,19,43,21,46,3.7,0
STU_14207,15,62,64,79,15.1,1
STU_14208,19,32,68,60,7.1,0
STU_14209,18,56,62,67,19.4,1
STU_14210,19,52,44,25,5.2,0
STU_14211,16,44,58,49,5.9,1
STU_14212,19,41,58,59,10.8,1
STU_14213,19,55,59,43,18.9,1
STU_14214,18,52,62,58,5.7,1
STU_14215,17,66,60,51,12.6,1
STU_14216,18,34,48,57,8.0,0
STU_14217,16,56,54,58,10.9,1
STU_14218,17,48,52,47,4.8,0
STU_14219,14,51,51,67,11.9,1
STU_14220,14,60,65,56,6.8,1
STU_14221,16,42,60,81,6.0,1
STU_14222,18,32,51,73,7.8,0
STU_14223,15,53,57,46,11.3,1
STU_14224,16,62,41,66,7.3,1
STU_14225,17,43,41,44,6.1,0
STU_14226,17,38,38,40,7.4,0
STU_14227,19,54,48,37,7.3,0
STU_14228,14,57,56,53,10.7,1
STU_14229,17,46,32,63,6.3,0
STU_14230,16,51,55,54,6.2,1
STU_14231,17,37,37,56,4.8,0
STU_14232,16,49,60,22,11.1,0
STU_14233,15,58,60,52,8.7,1
STU_14234,19,53,76,50,15.4,1
STU_14235,14,77,72,43,14.3,1
STU_14236,17,64,69,42,9.2,1
STU_14237,16,37,58,54,7.6,0
STU_14238,18,64,52,61,8.0,1
STU_14239,14,46,42,41,5.5,0
STU_14240,15,58,45,57,4.9,1
STU_14241,16,44,61,59,4.4,1
STU_14242,19,46,48,57,7.2,1
STU_14243,19,34,40,37,1.1,0
STU_14244,15,44,82,60,18.5,1
STU_14245,15,83,70,72,21.5,1
STU_14246,19,35,37,42,4.1,0
STU_14247,17,83,83,76,21.3,1
STU_14248,17,59,36,37,4.1,0
STU_14249,16,44,55,58,8.1,1
STU_14250,18,47,56,66,10.0,1
STU_14251,16,60,55,56,8.5,1
STU_14252,18,41,23,40,5.7,0
STU_14253,15,58,55,33,5.5,0
STU_14254,14,51,58,47,12.7,1
STU_14255,16,77,69,68,15.6,1
STU_14256,16,36,47,45,2.3,0
STU_14257,18,55,56,49,9.3,1
STU_14258,15,65,52,62,11.3,1
STU_14259,15,56,48,33,8.9,0
STU_14260,18,51,42,46,3.1,0
STU_14261,15,40,57,45,10.8,0
STU_14262,19,57,57,46,14.4,1
STU_14263,17,44,55,45,4.8,0
STU_14264,19,38,44,78,5.7,1
STU_14265,14,61,43,62,9.0,1
STU_14266,16,44,56,41,7.7,0
STU_14267,14,38,66,65,5.7,1
STU_14268,16,51,32,35,3.7,0
STU_14269,17,35,46,68,6.0,0
STU_14270,15,28,51,37,1.7,0
STU_14271,19,61,62,59,11.4,1
STU_14272,18,58,52,74,5.1,1
STU_14273,19,59,58,55,12.5,1
STU_14274,17,31,23,73,7.0,0
STU_14275,14,58,54,54,8.7,1
STU_14276,18,34,46,47,2.6,0
STU_14277,15,68,68,48,11.9,1
STU_14278,17,82,76,92,28.4,1
STU_14279,18,58,65,47,6.4,1
STU_14280,17,46,49,75,8.6,1
STU_14281,17,45,48,48,9.3,0
STU_14282,15,22,36,44,3.3,0
STU_14283,16,36,55,60,4.0,1
STU_14284,18,56,44,56,10.9,1
STU_14285,15,45,52,53,4.8,1
STU_14286,17,54,41,38,7.0,0
STU_14287,15,63,51,56,8.7,1
STU_14288,16,55,41,61,11.2,1
STU_14289,19,49,57,72,7.2,1
STU_14290,18,59,48,48,7.3,1
STU_14291,16,84,85,77,25.9,1
STU_14292,14,50,58,73,13.6,1
STU_14293,18,41,54,53,6.5,0
STU_14294,16,27,49,65,7.4,0
STU_14295,17,63,78,95,20.6,1
STU_14296,18,38,61,58,11.2,1
STU_14297,18,65,63,76,14.6,1
STU_14298,15,59,39,58,6.4,1
STU_14299,17,36,43,61,5.9,0
STU_14300,14,58,59,72,17.8,1
STU_14301,19,58,65,65,7.7,1
STU_14302,16,44,58,64,7.6,1
STU_14303,15,49,48,51,6.1,0
STU_14304,16,68,55,55,14.3,1
STU_14305,14,44,45,60,9.0,0
STU_14306,14,35,45,33,3.8,0
STU_14307,18,40,66,58,5.7,1
STU_14308,14,48,64,71,16.0,1
STU_14309,16,56,65,53,9.1,1
STU_14310,17,67,64,61,14.4,1
STU_14311,17,54,60,66,10.1,1
STU_14312,18,56,40,58,4.2,1
STU_14313,19,52,53,67,10.7,1
STU_14314,16,55,42,62,7.8,1
STU_14315,16,50,50,53,5.8,1
STU_14316,14,38,45,52,6.1,0
STU_14317,16,72,64,65,14.2,1
STU_14318,15,53,43,71,9.3,1
STU_14319,19,61,57,58,8.9,1
STU_14320,14,56,70,80,18.8,1
STU_14321,15,45,48,28,5.2,0
STU_14322,18,44,54,57,7.6,1
STU_14323,17,36,44,52,5.5,0
STU_14324,18,68,93,38,10.6,1
STU_14325,17,53,57,38,9.0,0
STU_14326,18,32,49,57,6.4,0
STU_14327,16,42,56,54,6.9,1
STU_14328,15,69,54,68,13.4,1
STU_14329,17,54,57,33,15.3,0
STU_14330,14,36,55,63,5.7,1
STU_14331,15,86,93,89,29.1,1
STU_14332,14,46,55,33,3.3,0
STU_14333,15,35,30,65,4.1,0
STU_14334,15,51,48,72,6.8,1
STU_14335,18,44,49,36,5.0,0
STU_14336,17,45,53,51,4.6,0
STU_14337,17,38,67,64,15.1,1
STU_14338,15,55,47,37,10.9,0
STU_14339,16,48,57,51,8.5,1
STU_14340,16,49,50,67,5.8,1
STU_14341,14,36,48,40,4.2,0
STU_14342,14,39,34,70,4.1,0
STU_14343,18,68,53,66,15.1,1
STU_14344,15,76,80,52,14.7,1
STU_14345,14,34,59,53,6.9,0
STU_14346,14,46,42,32,3.1,0
STU_14347,19,68,56,62,11.4,1
STU_14348,15,54,71,50,6.9,1
STU_14349,18,71,60,55,13.7,1
STU_14350,14,37,43,33,4.0,0
STU_14351,18,62,44,53,8.4,1
STU_14352,17,35,42,51,3.8,0
STU_14353,18,45,29,36,5.1,0
STU_14354,16,39,51,62,5.0,1
STU_14355,16,43,61,56,6.8,1
STU_14356,18,46,76,53,15.8,1
STU_14357,16,31,45,54,8.7,0
STU_14358,17,69,35,68,12.4,1
STU_14359,15,32,55,69,8.4,0
STU_14360,16,49,61,69,6.2,1
STU_14361,16,25,25,67,1.9,0
STU_14362,18,34,41,35,4.2,0
STU_14363,17,56,54,46,8.0,1
STU_14364,15,52,44,39,8.8,0
STU_14365,18,58,43,72,13.7,1
STU_14366,18,51,35,46,2.5,0
STU_14367,19,74,70,85,23.5,1
STU_14368,17,51,22,31,1.8,0
STU_14369,15,38,61,46,7.7,0
STU_14370,17,33,62,42,5.5,0
STU_14371,15,41,45,63,4.2,0
STU_14372,17,68,74,73,18.2,1
STU_14373,18,37,32,29,5.7,0
STU_14374,18,37,40,43,2.4,0
STU_14375,14,55,38,59,3.4,1
STU_14376,16,58,66,73,14.7,1
STU_14377,19,22,17,53,3.5,0
STU_14378,17,23,40,50,2.9,0
STU_14379,19,72,59,45,8.9,1
STU_14380,14,62,51,64,6.8,1
STU_14381,16,49,62,43,10.4,1
STU_14382,17,54,42,34,6.2,0
STU_14383,15,59,29,60,12.0,0
STU_14384,16,53,54,44,3.2,1
STU_14385,18,29,50,56,2.8,0
STU_14386,14,41,69,61,9.4,1
STU_14387,16,60,50,71,6.8,1
STU_14388,16,31,52,56,6.0,0
STU_14389,18,56,80,69,11.4,1
STU_14390,17,80,60,64,25.4,1
STU_14391,15,48,47,56,2.8,1
STU_14392,18,65,76,60,16.1,1
STU_14393,15,55,59,52,11.7,1
STU_14394,17,42,48,42,5.9,0
STU_14395,16,59,53,83,18.9,1
STU_14396,15,39,58,49,3.4,0
STU_14397,14,65,65,48,10.2,1
STU_14398,14,45,62,60,7.1,1
STU_14399,18,60,47,47,5.9,1
STU_14400,17,49,41,40,3.8,0
STU_14401,18,96,88,100,31.1,1
STU_14402,18,44,64,38,5.8,0
STU_14403,19,31,37,67,1.3,0
STU_14404,18,75,73,50,12.8,1
STU_14405,19,60,52,63,9.7,1
STU_14406,14,46,40,51,6.7,0
STU_14407,14,63,27,60,6.3,0
STU_14408,18,55,56,38,7.6,0
STU_14409,14,44,66,43,12.8,1
STU_14410,17,48,42,64,9.8,1
STU_14411,19,62,70,37,10.7,1
STU_14412,19,69,41,44,10.7,1
STU_14413,18,82,66,59,13.2,1
STU_14414,14,63,70,48,15.4,1
STU_14415,15,51,57,38,5.2,0
STU_14416,19,45,33,50,8.9,0
STU_14417,18,53,73,37,14.9,1
STU_14418,18,27,45,35,5.1,0
STU_14419,17,69,62,78,16.9,1
STU_14420,16,57,54,61,5.1,1
STU_14421,16,61,64,81,10.0,1
STU_14422,19,48,29,59,6.8,0
STU_14423,17,58,35,66,6.1,1
STU_14424,17,83,67,52,10.4,1
STU_14425,17,54,67,60,15.4,1
STU_14426,19,23,51,57,6.7,0
STU_14427,16,68,54,42,16.2,1
STU_14428,17,55,50,57,5.0,1
STU_14429,14,48,75,55,15.6,1
STU_14430,18,59,75,49,8.5,1
STU_14431,18,49,50,67,9.6,1
STU_14432,15,45,53,32,3.7,0
STU_14433,15,36,66,52,5.9,1
STU_14434,19,39,36,59,7.9,0
STU_14435,19,50,79,55,14.5,1
STU_14436,18,54,51,53,7.0,1
STU_14437,14,37,46,51,4.7,0
STU_14438,16,54,47,65,9.2,1
STU_14439,16,75,70,67,22.0,1
STU_14440,19,41,46,42,9.8,0
STU_14441,14,48,40,46,7.0,0
STU_14442,19,54,57,51,9.2,1
STU_14443,16,54,56,41,4.5,1
STU_14444,19,81,56,66,17.5,1
STU_14445,17,56,59,66,17.3,1
STU_14446,19,46,48,51,4.4,0
STU_14447,18,43,54,54,17.0,1
STU_14448,19,60,55,57,9.3,1
STU_14449,18,67,54,72,11.8,1
STU_14450,14,23,34,57,8.0,0
STU_14451,16,47,56,66,8.3,1
STU_14452,15,36,41,52,5.4,0
STU_14453,15,40,55,43,4.4,0
STU_14454,16,37,43,59,4.3,0
STU_14455,15,61,54,46,14.7,1
STU_14456,19,61,52,49,8.9,1
STU_14457,14,40,58,49,4.6,0
STU_14458,14,40,70,62,8.5,1
STU_14459,16,38,48,62,2.5,0
STU_14460,15,41,39,59,4.5,0
STU_14461,19,62,63,70,15.5,1
STU_14462,14,39,46,61,5.8,0
STU_14463,14,65,60,72,14.5,1
STU_14464,17,62,48,41,7.6,1
STU_14465,17,44,47,82,11.8,1
STU_14466,14,46,54,61,3.8,1
STU_14467,16,64,64,55,10.8,1
STU_14468,18,33,41,51,1.5,0
STU_14469,18,59,60,37,6.1,1
STU_14470,19,63,70,60,16.0,1
STU_14471,14,39,40,50,8.2,0
STU_14472,14,30,41,45,4.4,0
STU_14473,14,70,77,71,15.2,1
STU_14474,16,84,72,72,23.5,1
STU_14475,17,63,42,39,6.9,0
STU_14476,14,46,49,35,2.6,0
STU_14477,14,49,48,32,8.2,0
STU_14478,15,62,63,68,12.3,1
STU_14479,16,49,49,50,7.1,0
STU_14480,19,35,33,55,1.7,0
STU_14481,14,50,50,92,11.6,1
STU_14482,15,27,29,41,5.0,0
STU_14483,18,39,37,55,6.1,0
STU_14484,19,40,49,64,2.7,1
STU_14485,14,10,52,41,1.2,0
STU_14486,14,37,38,45,3.7,0
STU_14487,15,54,33,57,5.7,0
STU_14488,16,59,58,79,5.6,1
STU_14489,14,62,78,72,17.9,1
STU_14490,18,37,52,40,4.0,0
STU_14491,14,53,46,52,13.8,1
STU_14492,18,45,57,49,8.7,1
STU_14493,19,81,75,46,19.4,1
STU_14494,19,65,59,52,7.6,1
STU_14495,17,21,42,47,1.8,0
STU_14496,17,40,42,53,7.2,0
STU_14497,18,19,36,30,1.3,0
STU_14498,16,41,56,53,3.7,1
STU_14499,14,43,53,42,7.3,0
STU_14500,14,52,37,51,7.4,0
STU_14501,17,66,77,52,13.5,1
STU_14502,18,59,66,69,10.3,1
STU_14503,14,51,84,58,18.3,1
STU_14504,14,59,71,75,13.5,1
STU_14505,16,41,49,60,12.6,1
STU_14506,15,93,77,74,22.4,1
STU_14507,17,55,65,60,13.1,1
STU_14508,17,51,51,54,16.6,1
STU_14509,15,34,30,52,2.5,0
STU_14510,14,49,56,48,6.6,1
STU_14511,16,61,62,60,10.1,1
STU_14512,16,63,75,61,8.4,1
STU_14513,17,44,43,71,4.9,1
STU_14514,16,54,41,64,12.6,1
STU_14515,19,68,60,71,14.4,1
STU_14516,15,55,59,61,7.6,1
STU_14517,14,48,45,50,6.8,0
STU_14518,19,54,48,59,5.8,1
STU_14519,15,52,52,58,12.9,1
STU_14520,18,47,61,48,6.7,1
STU_14521,17,29,59,42,8.2,0
STU_14522,16,77,55,69,15.6,1
STU_14523,18,47,48,49,9.5,0
STU_14524,16,64,44,61,8.2,1
STU_14525,19,38,28,51,5.5,0
STU_14526,14,52,43,51,7.9,0
STU_14527,14,45,28,41,5.0,0
STU_14528,14,46,62,69,9.2,1
STU_14529,16,51,58,47,6.0,1
STU_14530,18,59,45,70,6.5,1
STU_14531,14,67,53,45,8.0,1
STU_14532,18,78,80,83,19.6,1
STU_14533,16,41,62,57,10.0,1
STU_14534,19,28,64,59,3.7,0
STU_14535,18,58,51,38,6.7,0
STU_14536,19,35,61,37,5.6,0
STU_14537,16,51,48,54,5.4,1
STU_14538,16,46,46,40,5.6,0
STU_14539,17,60,56,67,6.8,1
STU_14540,16,49,52,55,5.1,1
STU_14541,16,44,40,44,5.1,0
STU_14542,15,66,39,41,5.6,0
STU_14543,14,53,47,48,5.4,0
STU_14544,17,49,26,44,4.6,0
STU_14545,17,49,53,63,11.3,1
STU_14546,17,35,38,51,6.3,0
STU_14547,15,45,43,66,7.0,1
STU_14548,19,32,41,59,6.7,0
STU_14549,16,41,54,41,5.3,0
STU_14550,14,51,50,45,4.5,0
STU_14551,18,66,58,49,11.9,1
STU_14552,19,40,42,41,4.6,0
STU_14553,16,73,56,31,4.8,0
STU_14554,15,73,69,71,13.9,1
STU_14555,16,45,46,65,5.7,1
STU_14556,16,61,64,43,7.9,1
STU_14557,15,41,47,40,6.5,0
STU_14558,17,52,53,60,7.8,1
STU_14559,17,63,60,55,17.6,1
STU_14560,14,32,42,65,5.0,0
STU_14561,14,61,50,50,11.3,1
STU_14562,17,56,64,35,11.9,1
STU_14563,19,56,60,56,11.4,1
STU_14564,18,66,55,57,17.2,1
STU_14565,16,29,46,48,1.7,0
STU_14566,18,56,61,45,3.1,1
STU_14567,16,45,38,56,4.4,0
STU_14568,17,43,40,56,5.9,0
STU_14569,14,38,53,59,9.2,1
STU_14570,19,57,59,52,4.6,1
STU_14571,14,52,41,50,4.5,0
STU_14572,18,50,70,39,8.4,1
STU_14573,14,41,44,61,10.6,0
STU_14574,17,66,53,62,7.9,1
STU_14575,19,51,38,61,10.9,1
STU_14576,18,33,33,46,2.6,0
STU_14577,19,44,44,57,5.1,0
STU_14578,16,46,48,52,4.3,0
STU_14579,14,44,60,59,5.7,1
STU_14580,19,15,43,52,7.6,0
STU_14581,15,41,46,32,2.2,0
STU_14582,14,54,34,49,5.6,0
STU_14583,16,35,56,40,5.0,0
STU_14584,19,56,56,43,2.8,1
STU_14585,18,64,66,58,11.0,1
STU_14586,16,54,61,64,7.8,1
STU_14587,15,35,46,59,5.7,0
STU_14588,19,72,71,68,18.9,1
STU_14589,17,44,42,62,3.0,0
STU_14590,14,69,69,67,19.5,1
STU_14591,18,56,41,55,6.8,1
STU_14592,17,40,48,46,4.8,0
STU_14593,19,43,51,40,5.8,0
STU_14594,19,39,58,58,6.2,1
STU_14595,16,68,75,51,20.9,1
STU_14596,19,50,62,45,9.3,1
STU_14597,18,40,37,51,3.8,0
STU_14598,17,54,71,49,11.9,1
STU_14599,18,55,46,52,6.2,1
STU_14600,15,52,19,48,0.9,0
STU_14601,15,43,53,52,11.7,0
STU_14602,14,71,63,59,11.9,1
STU_14603,14,53,49,52,6.4,1
STU_14604,15,35,27,38,5.2,0
STU_14605,19,54,60,65,12.5,1
STU_14606,18,47,47,28,5.1,0
STU_14607,15,44,51,81,14.2,1
STU_14608,14,43,52,56,5.1,1
STU_14609,15,53,48,64,7.3,1
STU_14610,19,45,34,63,9.8,0
STU_14611,15,36,59,54,8.7,0
STU_14612,18,46,48,42,4.9,0
STU_14613,17,74,68,55,9.5,1
STU_14614,19,49,48,67,11.5,1
STU_14615,14,35,42,40,4.0,0
STU_14616,18,51,65,58,10.0,1
STU_14617,15,63,40,33,7.1,0
STU_14618,15,26,55,41,4.1,0
STU_14619,17,59,63,46,9.3,1
STU_14620,14,52,61,77,12.3,1
STU_14621,14,41,45,36,5.5,0
STU_14622,16,42,47,60,9.6,0
STU_14623,14,44,41,69,6.2,1
STU_14624,17,45,59,68,10.9,1
STU_14625,16,54,31,77,13.6,0
STU_14626,16,27,47,73,9.0,0
STU_14627,15,38,49,58,11.5,0
STU_14628,15,61,48,64,12.6,1
STU_14629,14,57,48,53,5.4,1
STU_14630,16,78,33,57,6.1,0
STU_14631,15,62,66,60,9.7,1
STU_14632,17,57,72,81,15.3,1
STU_14633,15,21,57,52,3.5,0
STU_14634,19,59,49,46,10.3,1
STU_14635,19,47,63,68,14.6,1
STU_14636,15,40,57,61,7.0,1
STU_14637,16,58,49,44,7.7,1
STU_14638,16,52,44,44,7.6,0
STU_14639,18,39,51,64,7.4,1
STU_14640,19,27,44,44,4.8,0
STU_14641,17,50,39,48,7.2,0
STU_14642,16,47,22,45,4.9,0
STU_14643,14,70,46,60,11.0,1
STU_14644,19,14,18,60,2.4,0
STU_14645,17,59,49,66,12.4,1
STU_14646,17,68,74,55,13.4,1
STU_14647,16,46,33,69,8.6,0
STU_14648,17,53,72,75,18.7,1
STU_14649,16,44,66,67,9.9,1
STU_14650,15,52,37,66,9.3,1
STU_14651,19,34,60,42,2.3,0
STU_14652,18,63,59,50,13.9,1
STU_14653,15,56,59,46,4.4,1
STU_14654,19,38,47,60,4.1,0
STU_14655,16,63,47,42,8.8,1
STU_14656,19,43,17,36,4.9,0
STU_14657,16,51,38,33,6.9,0
STU_14658,15,60,68,47,14.5,1
STU_14659,14,70,81,56,17.5,1
STU_14660,14,50,33,52,5.5,0
STU_14661,19,54,49,40,7.1,0
STU_14662,14,78,72,79,24.0,1
STU_14663,16,33,70,65,17.4,0
STU_14664,17,64,59,37,12.8,1
STU_14665,16,24,42,50,4.9,0
STU_14666,17,39,53,53,5.5,0
STU_14667,15,34,51,80,12.7,0
STU_14668,18,56,41,50,2.0,0
STU_14669,17,64,68,41,14.0,1
STU_14670,14,61,56,65,16.0,1
STU_14671,16,61,45,54,6.5,1
STU_14672,15,72,61,71,17.6,1
STU_14673,14,55,59,85,10.2,1
STU_14674,15,46,47,43,3.7,0
STU_14675,18,46,46,47,8.4,0
STU_14676,16,32,50,56,5.2,0
STU_14677,19,61,24,75,9.0,0
STU_14678,16,41,52,56,3.5,0
STU_14679,18,51,76,61,18.4,1
STU_14680,16,60,50,68,10.9,1
STU_14681,19,46,41,71,6.1,1
STU_14682,17,68,52,47,9.1,1
STU_14683,15,52,41,43,7.8,0
STU_14684,19,57,60,66,18.7,1
STU_14685,14,31,53,57,7.7,0
STU_14686,18,63,60,70,8.8,1
STU_14687,17,40,46,43,3.2,0
STU_14688,14,42,81,59,8.9,1
STU_14689,14,46,66,73,10.0,1
STU_14690,18,55,52,52,4.1,1
STU_14691,17,61,64,54,11.8,1
STU_14692,14,49,42,53,1.9,0
STU_14693,14,50,54,49,7.1,1
STU_14694,17,32,45,52,3.1,0
STU_14695,16,68,62,52,8.2,1
STU_14696,14,42,45,50,6.3,0
STU_14697,15,62,51,52,10.4,1
STU_14698,17,60,62,47,7.6,1
STU_14699,14,53,50,67,10.2,1
STU_14700,18,39,42,56,8.3,0
STU_14701,19,54,54,75,14.4,1
STU_14702,15,66,67,35,13.3,1
STU_14703,19,49,73,45,5.0,1
STU_14704,19,73,51,52,13.8,1
STU_14705,14,64,60,53,9.9,1
STU_14706,15,53,64,50,15.2,1
STU_14707,15,57,56,32,4.2,0
STU_14708,16,31,50,56,3.5,0
STU_14709,19,47,56,42,3.5,0
STU_14710,15,91,69,70,17.6,1
STU_14711,16,66,54,49,15.3,1
STU_14712,17,41,52,42,13.3,0
STU_14713,16,38,45,51,3.2,0
STU_14714,18,81,64,67,13.3,1
STU_14715,14,39,40,42,3.4,0
STU_14716,17,50,60,35,1.0,0
STU_14717,17,37,57,66,6.2,1
STU_14718,18,44,29,52,7.2,0
STU_14719,16,62,63,52,16.4,1
STU_14720,14,62,34,33,4.1,0
STU_14721,16,77,97,65,25.1,1
STU_14722,15,32,30,51,9.0,0
STU_14723,16,72,54,62,7.5,1
STU_14724,17,51,51,53,7.5,1
STU_14725,14,48,52,47,3.5,0
STU_14726,16,31,52,42,6.5,0
STU_14727,14,54,74,71,9.4,1
STU_14728,14,59,69,71,13.5,1
STU_14729,15,37,30,62,6.4,0
STU_14730,15,58,66,54,8.9,1
STU_14731,17,40,60,63,12.4,1
STU_14732,18,36,62,23,6.2,0
STU_14733,14,72,57,63,14.0,1
STU_14734,18,48,45,78,11.0,1
STU_14735,17,53,46,53,12.8,1
STU_14736,14,40,52,37,2.2,0
STU_14737,14,43,57,51,6.7,1
STU_14738,19,51,41,41,5.3,0
STU_14739,18,40,14,37,1.8,0
STU_14740,16,56,81,70,20.2,1
STU_14741,15,52,39,69,13.3,1
STU_14742,16,32,64,51,2.8,0
STU_14743,18,60,50,51,16.7,1
STU_14744,15,50,51,46,7.8,0
STU_14745,16,57,57,60,10.4,1
STU_14746,19,21,50,58,5.4,0
STU_14747,15,70,63,58,13.9,1
STU_14748,14,48,51,44,7.6,0
STU_14749,16,43,51,65,10.7,1
STU_14750,15,71,59,81,14.8,1
STU_14751,19,35,50,70,11.6,1
STU_14752,15,31,49,74,6.3,0
STU_14753,15,70,33,47,7.6,0
STU_14754,19,60,62,71,13.0,1
STU_14755,16,29,38,60,0.7,0
STU_14756,17,48,57,47,6.8,1
STU_14757,16,48,48,45,8.0,0
STU_14758,18,53,59,45,9.6,1
STU_14759,19,50,52,50,5.4,1
STU_14760,16,47,49,37,7.5,0
STU_14761,15,55,56,73,8.9,1
STU_14762,19,49,39,41,8.8,0
STU_14763,14,42,65,59,8.6,1
STU_14764,16,35,43,27,6.4,0
STU_14765,19,65,51,78,9.2,1
STU_14766,16,71,53,77,16.2,1
STU_14767,19,59,42,36,7.6,0
STU_14768,15,51,69,58,9.1,1
STU_14769,14,51,51,51,7.5,1
STU_14770,14,61,60,64,15.7,1
STU_14771,18,59,46,59,6.8,1
STU_14772,19,40,45,41,4.5,0
STU_14773,16,46,64,57,11.8,1
STU_14774,14,52,50,32,6.6,0
STU_14775,14,54,58,58,11.4,1
STU_14776,17,48,38,29,6.0,0
STU_14777,17,49,41,64,3.8,1
STU_14778,14,43,52,37,7.8,0
STU_14779,19,38,42,52,3.0,0
STU_14780,18,49,49,65,9.5,1
STU_14781,14,71,53,79,12.7,1
STU_14782,15,73,76,88,21.1,1
STU_14783,16,47,52,67,5.8,1
STU_14784,18,32,56,50,5.0,0
STU_14785,15,65,60,71,12.5,1
STU_14786,18,61,36,61,12.0,1
STU_14787,15,49,81,63,12.4,1
STU_14788,16,93,72,62,21.3,1
STU_14789,16,53,47,73,8.1,1
STU_14790,17,71,75,62,23.7,1
STU_14791,19,47,44,40,6.5,0
STU_14792,15,41,38,55,5.2,0
STU_14793,17,59,52,31,4.9,0
STU_14794,15,53,44,51,4.7,0
STU_14795,17,79,72,87,21.9,1
STU_14796,16,80,37,66,15.3,1
STU_14797,18,62,69,68,20.8,1
STU_14798,17,47,31,38,2.1,0
STU_14799,15,47,38,32,3.4,0
STU_14800,15,45,51,62,6.6,1
STU_14801,19,44,41,52,6.0,0
STU_14802,16,61,48,62,9.1,1
STU_14803,15,58,52,30,8.2,0
STU_14804,14,28,39,58,4.1,0
STU_14805,18,63,36,73,5.6,1
STU_14806,17,59,32,67,6.8,0
STU_14807,19,39,47,52,3.6,0
STU_14808,18,40,45,42,7.4,0
STU_14809,16,53,27,51,3.8,0
STU_14810,19,53,62,55,7.3,1
STU_14811,17,50,49,44,4.5,0
STU_14812,17,65,47,55,13.3,1
STU_14813,14,66,47,79,10.2,1
STU_14814,16,62,64,45,10.0,1
STU_14815,19,51,55,53,11.9,1
STU_14816,19,48,51,63,10.5,1
STU_14817,15,63,67,84,13.4,1
STU_14818,14,74,50,51,8.7,1
STU_14819,14,55,69,38,11.8,1
STU_14820,19,56,50,32,9.8,0
STU_14821,19,62,48,84,9.8,1
STU_14822,18,36,43,27,2.9,0
STU_14823,18,50,54,50,4.1,1
STU_14824,18,52,55,38,9.2,0
STU_14825,14,56,47,42,5.0,0
STU_14826,15,39,42,46,7.6,0
STU_14827,17,68,38,30,5.7,0
STU_14828,18,42,57,65,5.9,1
STU_14829,15,55,62,59,8.1,1
STU_14830,16,47,59,48,6.7,1
STU_14831,18,54,72,57,16.6,1
STU_14832,17,49,47,60,3.1,1
STU_14833,16,52,60,58,10.9,1
STU_14834,16,62,59,81,12.2,1
STU_14835,17,58,71,59,17.2,1
STU_14836,18,47,51,59,8.3,1
STU_14837,14,53,62,44,11.5,1
STU_14838,17,70,73,58,16.4,1
STU_14839,17,48,34,62,5.4,0
STU_14840,17,41,56,63,4.5,1
STU_14841,16,47,51,75,8.5,1
STU_14842,15,51,64,57,6.9,1
STU_14843,14,58,69,71,11.6,1
STU_14844,18,42,33,55,3.2,0
STU_14845,18,83,63,58,15.8,1
STU_14846,15,57,34,38,9.2,0
STU_14847,17,66,45,50,6.8,1
STU_14848,14,49,54,41,8.0,0
STU_14849,18,59,69,72,13.8,1
STU_14850,19,49,56,69,10.6,1
STU_14851,18,52,55,43,7.9,1
STU_14852,17,44,42,65,7.0,1
STU_14853,19,43,49,40,7.2,0
STU_14854,15,36,50,73,11.3,1
STU_14855,14,62,52,51,6.7,1
STU_14856,15,51,69,62,10.9,1
STU_14857,15,58,45,66,4.6,1
STU_14858,14,43,32,57,5.1,0
STU_14859,14,55,52,52,7.8,1
STU_14860,18,48,56,62,7.0,1
STU_14861,18,49,37,40,5.3,0
STU_14862,14,32,56,28,3.8,0
STU_14863,19,55,40,63,4.8,1
STU_14864,16,64,59,50,18.0,1
STU_14865,18,54,29,61,5.2,0
STU_14866,16,23,43,48,1.6,0
STU_14867,19,42,69,54,8.2,1
STU_14868,14,48,50,40,5.2,0
STU_14869,19,45,41,47,6.6,0
STU_14870,18,63,64,59,12.9,1
STU_14871,15,49,57,55,6.9,1
STU_14872,14,65,60,42,6.4,1
STU_14873,17,50,34,59,5.4,0
STU_14874,16,43,64,61,6.8,1
STU_14875,19,49,56,61,9.8,1
STU_14876,14,51,59,43,2.3,1
STU_14877,19,26,45,58,3.4,0
STU_14878,14,59,60,63,10.0,1
STU_14879,18,38,41,32,8.1,0
STU_14880,18,56,57,53,5.6,1
STU_14881,18,49,44,78,10.3,1
STU_14882,19,51,51,63,6.2,1
STU_14883,17,58,54,72,12.8,1
STU_14884,18,31,46,43,5.5,0
STU_14885,14,50,56,51,4.5,1
STU_14886,18,76,77,73,26.9,1
STU_14887,15,64,67,58,11.4,1
STU_14888,18,34,42,45,4.9,0
STU_14889,19,49,49,38,6.3,0
STU_14890,17,45,68,52,5.5,1
STU_14891,15,34,43,39,2.6,0
STU_14892,19,60,48,59,6.5,1
STU_14893,19,51,53,54,8.6,1
STU_14894,19,60,60,42,16.1,1
STU_14895,14,51,40,68,7.4,1
STU_14896,19,31,68,56,5.9,0
STU_14897,14,90,61,59,17.2,1
STU_14898,19,52,47,58,15.2,1
STU_14899,16,56,50,41,8.5,0
STU_14900,15,50,55,53,8.1,1
STU_14901,16,64,52,63,9.8,1
STU_14902,19,46,46,70,5.4,1
STU_14903,15,43,49,53,7.9,0
STU_14904,15,26,51,51,5.3,0
STU_14905,17,45,71,75,15.5,1
STU_14906,16,41,43,37,4.6,0
STU_14907,17,65,78,56,8.9,1
STU_14908,15,35,63,47,9.2,0
STU_14909,14,83,64,64,16.2,1
STU_14910,15,56,34,62,5.9,0
STU_14911,17,31,47,33,5.2,0
STU_14912,16,44,64,69,11.0,1
STU_14913,19,44,63,60,10.2,1
STU_14914,19,76,53,70,21.0,1
STU_14915,16,50,53,69,8.6,1
STU_14916,19,62,58,53,15.3,1
STU_14917,19,56,76,46,14.4,1
STU_14918,17,46,48,39,5.2,0
STU_14919,16,49,20,54,2.9,0
STU_14920,18,46,52,47,6.6,0
STU_14921,14,51,39,49,12.5,0
STU_14922,14,74,69,52,16.3,1
STU_14923,19,34,65,47,0.5,0
STU_14924,14,49,59,50,4.6,1
STU_14925,16,52,56,40,9.8,0
STU_14926,16,66,49,42,11.3,1
STU_14927,15,55,57,44,4.2,1
STU_14928,15,57,53,61,5.3,1
STU_14929,14,34,39,43,2.5,0
STU_14930,18,62,62,49,18.3,1
STU_14931,15,60,43,54,9.0,1
STU_14932,15,44,50,51,5.3,0
STU_14933,16,61,58,45,14.8,1
STU_14934,18,44,54,41,8.9,0
STU_14935,19,78,73,71,16.2,1
STU_14936,14,77,61,51,17.4,1
STU_14937,15,41,51,58,4.2,1
STU_14938,18,56,75,45,15.3,1
STU_14939,18,55,66,45,14.9,1
STU_14940,14,55,61,57,10.3,1
STU_14941,18,58,59,49,10.8,1
STU_14942,18,42,52,49,8.6,0
STU_14943,18,29,52,51,3.7,0
STU_14944,15,42,60,43,3.5,0
STU_14945,14,77,76,55,18.7,1
STU_14946,18,52,50,60,8.9,1
STU_14947,18,45,47,54,6.8,0
STU_14948,15,44,54,58,11.1,1
STU_14949,14,38,56,50,5.1,0
STU_14950,16,55,42,43,6.1,0
STU_14951,15,37,41,43,8.1,0
STU_14952,14,63,52,47,5.6,1
STU_14953,18,55,55,48,10.5,1
STU_14954,14,32,65,53,7.4,0
STU_14955,14,59,32,52,10.5,0
STU_14956,19,59,58,57,11.0,1
STU_14957,14,57,57,60,14.6,1
STU_14958,16,56,57,72,6.6,1
STU_14959,14,36,42,34,4.1,0
STU_14960,16,88,73,71,25.7,1
STU_14961,18,64,73,51,16.2,1
STU_14962,16,36,55,42,2.4,0
STU_14963,18,98,82,67,27.8,1
STU_14964,18,55,46,58,5.4,1
STU_14965,16,37,63,37,7.4,0
STU_14966,15,45,56,58,3.7,1
STU_14967,17,69,62,60,8.5,1
STU_14968,14,59,43,74,5.6,1
STU_14969,19,33,37,69,3.8,0
STU_14970,17,57,59,40,3.2,1
STU_14971,14,53,52,64,4.9,1
STU_14972,14,46,49,54,11.7,0
STU_14973,18,56,54,60,10.6,1
STU_14974,14,48,46,69,4.3,1
STU_14975,19,36,47,44,6.4,0
STU_14976,14,66,56,60,13.3,1
STU_14977,16,71,61,31,6.6,0
STU_14978,17,78,70,73,16.4,1
STU_14979,16,80,99,95,24.1,1
STU_14980,19,41,59,57,4.9,1
STU_14981,14,48,48,66,5.3,1
STU_14982,19,57,81,77,17.8,1
STU_14983,18,42,52,44,6.5,0
STU_14984,16,40,84,64,13.8,1
STU_14985,16,55,49,60,8.9,1
STU_14986,15,44,54,40,7.0,0
STU_14987,14,62,50,73,11.4,1
STU_14988,18,68,63,59,17.9,1
STU_14989,16,52,59,59,15.0,1
STU_14990,16,51,63,51,7.7,1
STU_14991,18,44,55,55,9.1,1
STU_14992,19,77,36,93,13.9,1
STU_14993,19,43,54,49,9.4,0
STU_14994,14,65,59,49,19.4,1
STU_14995,15,28,36,48,1.5,0
STU_14996,16,33,58,41,5.1,0
STU_14997,15,55,42,52,10.8,0
STU_14998,19,33,35,58,6.0,0
STU_14999,19,66,51,53,18.2,1
